Accident date,Header,Location_appox,location,Latitude,Longitude
2021-06-26,Two labourers killed in Dhaka road accident,"Dhaka, Bangladesh","ঢাকা, Chanpara Bazar, ঢাকা জেলা, ঢাকা বিভাগ, 1230, বাংলাদেশ",23.810651,90.4126466
2021-06-23,Three killed in Muktagacha road accident,"Muktagacha, Bangladesh","মুক্তাগাছা, ময়মনসিংহ জেলা, ময়মনসিংহ বিভাগ, বাংলাদেশ",24.7651553,90.2583669
2021-06-19,Truck-pickup van collision leaves 3 dead in Narsingdi,"Narsingdi, Bangladesh","নরসিংদী, নরসিংদী জেলা, ঢাকা বিভাগ, 1602, বাংলাদেশ",23.9156451,90.6981963
2021-06-19,"Couple, infant grandson killed in Bogra bus-auto-rickshaw collision","Bogra, Bangladesh","বগুড়া, বগুড়া জেলা, রাজশাহী বিভাগ, 5800, বাংলাদেশ",24.8500662,89.3728431
2021-06-19,Policeman killed in Dhaka road accident,"Dhaka, Bangladesh","ঢাকা, Chanpara Bazar, ঢাকা জেলা, ঢাকা বিভাগ, 1230, বাংলাদেশ",23.810651,90.4126466
2021-06-18,3 killed in bus-car collision in Comilla,"Comilla, Bangladesh","কুমিল্লা, কুমিল্লা জেলা, চট্টগ্রাম বিভাগ, 3500, বাংলাদেশ",23.4610615,91.1808748
2021-06-16,"6 die in road accidents in Dhaka, Gazipur","Dhaka, Bangladesh","ঢাকা, Chanpara Bazar, ঢাকা জেলা, ঢাকা বিভাগ, 1230, বাংলাদেশ",23.810651,90.4126466
2021-06-13,"1 killed, 5 injured in Banani road crash","Banani, Bangladesh","বনানী, গুলশান, ঢাকা, Chanpara Bazar, ঢাকা জেলা, ঢাকা বিভাগ, 1230, বাংলাদেশ",23.790321,90.4076959
2021-06-05,Two motorcyclists killed in Naogaon road accident,"Naogaon, Bangladesh","Naogaon, নওগাঁ জেলা, রাজশাহী বিভাগ, 6500, বাংলাদেশ",24.808119150000003,88.95266066504688
2021-05-22,One killed in Tangail road crash,"Tangail, Bangladesh","টাঙ্গাইল, টাঙ্গাইল জেলা, ঢাকা বিভাগ, 1900, বাংলাদেশ",24.2507265,89.9149441
2021-05-21,"Driver, assistant killed in pickup van-microbus collision in Brahmanbaria","Brahmanbaria, Bangladesh","ব্রাহ্মণবাড়িয়া জেলা, চট্টগ্রাম বিভাগ, বাংলাদেশ",23.96059985,91.11908934668182
2021-05-21,"Truck driver injured, assistant killed in Rajshahi road crash","Rajshahi, Bangladesh","রাজশাহী বিভাগ, বাংলাদেশ",24.4611511,88.6888703
2021-05-20,3 killed in Brahmanbaria road crash,"Brahmanbaria, Bangladesh","ব্রাহ্মণবাড়িয়া জেলা, চট্টগ্রাম বিভাগ, বাংলাদেশ",23.96059985,91.11908934668182
2021-05-15,"4 killed in road accidents in Tangail, Chapainawabganj","Tangail, Bangladesh","টাঙ্গাইল, টাঙ্গাইল জেলা, ঢাকা বিভাগ, 1900, বাংলাদেশ",24.2507265,89.9149441
2021-05-10,3 killed in Chittagong road accident,"Chittagong, Bangladesh","চট্টগ্রাম, চট্টগ্রাম জেলা, চট্টগ্রাম বিভাগ, 4000, বাংলাদেশ",22.3364709,91.8260479
2021-05-08,"4 killed in road accidents in Rajshahi, Natore","Rajshahi, Bangladesh","রাজশাহী বিভাগ, বাংলাদেশ",24.4611511,88.6888703
2021-05-01,Road crashes kill 2 in Dhaka,"Dhaka, Bangladesh","ঢাকা, Chanpara Bazar, ঢাকা জেলা, ঢাকা বিভাগ, 1230, বাংলাদেশ",23.810651,90.4126466
2021-04-07,"4 killed in road accident in Dhaka, Rajshahi","Dhaka, Bangladesh","ঢাকা, Chanpara Bazar, ঢাকা জেলা, ঢাকা বিভাগ, 1230, বাংলাদেশ",23.810651,90.4126466
2021-04-05,21 cops injured in Brahmanbaria road accident,"Brahmanbaria, Bangladesh","ব্রাহ্মণবাড়িয়া জেলা, চট্টগ্রাম বিভাগ, বাংলাদেশ",23.96059985,91.11908934668182
2021-03-31,4 killed in Chittagong road crash,"Chittagong, Bangladesh","চট্টগ্রাম, চট্টগ্রাম জেলা, চট্টগ্রাম বিভাগ, 4000, বাংলাদেশ",22.3364709,91.8260479
2021-03-26,Bus-microbus collision leaves 17 dead in Rajshahi,"Rajshahi, Bangladesh","রাজশাহী বিভাগ, বাংলাদেশ",24.4611511,88.6888703
2021-03-20,"4 killed, 9 injured in Bogra road accident","Bogra, Bangladesh","বগুড়া, বগুড়া জেলা, রাজশাহী বিভাগ, 5800, বাংলাদেশ",24.8500662,89.3728431
2021-03-13,Lorry-microbus collision kills two musicians in Chittagong,"Chittagong, Bangladesh","চট্টগ্রাম, চট্টগ্রাম জেলা, চট্টগ্রাম বিভাগ, 4000, বাংলাদেশ",22.3364709,91.8260479
2021-03-12,"Garment workers vandalize, torch vehicles in Ashulia as road accident kills one","Ashulia, Bangladesh","আশুলিয়া, সাভার, সাভার উপজেলা, ঢাকা জেলা, ঢাকা বিভাগ, 1341, বাংলাদেশ",23.9005799,90.3255674
2021-02-23,"6 killed, 23 injured in bus-truck collisions in Sirajganj, Rajshahi","Sirajganj, Bangladesh","সিরাজগঞ্জ, সিরাজগঞ্জ জেলা, রাজশাহী বিভাগ, 6700, বাংলাদেশ",24.4566253,89.7081281
2021-02-22,Bus-truck collision leaves 2 dead in Chittagong,"Chittagong, Bangladesh","চট্টগ্রাম, চট্টগ্রাম জেলা, চট্টগ্রাম বিভাগ, 4000, বাংলাদেশ",22.3364709,91.8260479
2021-02-21,"6 killed, multiple injured as bus, truck collide head-on in Bogra","Bogra, Bangladesh","বগুড়া, বগুড়া জেলা, রাজশাহী বিভাগ, 5800, বাংলাদেশ",24.8500662,89.3728431
2021-02-19,Two motorcyclists killed in Rangpur road accident,"Rangpur, Bangladesh","রংপুর, রংপুর জেলা, 5400, বাংলাদেশ",25.7569808,89.241459
2021-02-10,"11 killed, multiple injured in tragic bus-truck collision in Jhenaidah","Jhenaidah, Bangladesh","ঝিনাইদহ, ঝিনাইদহ জেলা, খুলনা বিভাগ, 7300, বাংলাদেশ",23.5448144,89.1734196
2021-02-09,Bus driver’s assistant dies in Dhaka,"Dhaka, Bangladesh","ঢাকা, Chanpara Bazar, ঢাকা জেলা, ঢাকা বিভাগ, 1230, বাংলাদেশ",23.810651,90.4126466
2021-01-28,10-year-old boy killed in Dhaka road accident,"Dhaka, Bangladesh","ঢাকা, Chanpara Bazar, ঢাকা জেলা, ঢাকা বিভাগ, 1230, বাংলাদেশ",23.810651,90.4126466
2021-01-20,One killed in Dhaka road accident,"Dhaka, Bangladesh","ঢাকা, Chanpara Bazar, ঢাকা জেলা, ঢাকা বিভাগ, 1230, বাংলাদেশ",23.810651,90.4126466
2021-01-19,Policeman dies in road accident in Dhaka,"Dhaka, Bangladesh","ঢাকা, Chanpara Bazar, ঢাকা জেলা, ঢাকা বিভাগ, 1230, বাংলাদেশ",23.810651,90.4126466
2021-01-13,"6 killed, 4 injured in Jhenaidah road accident","Jhenaidah, Bangladesh","ঝিনাইদহ, ঝিনাইদহ জেলা, খুলনা বিভাগ, 7300, বাংলাদেশ",23.5448144,89.1734196
2021-01-06,Man killed in Dhaka road accident,"Dhaka, Bangladesh","ঢাকা, Chanpara Bazar, ঢাকা জেলা, ঢাকা বিভাগ, 1230, বাংলাদেশ",23.810651,90.4126466
2020-12-23,Woman knocked down by car in Dhaka,"Dhaka, Bangladesh","ঢাকা, Chanpara Bazar, ঢাকা জেলা, ঢাকা বিভাগ, 1230, বাংলাদেশ",23.810651,90.4126466
2020-12-08,5 killed in Tangail road accident,"Tangail, Bangladesh","টাঙ্গাইল, টাঙ্গাইল জেলা, ঢাকা বিভাগ, 1900, বাংলাদেশ",24.2507265,89.9149441
2020-12-07,3 of a family among 8 killed in Habiganj bus-autorickshaw collision,"Habiganj, Bangladesh","Habiganj - Nabiganj Road, নবীগঞ্জ, হবিগঞ্জ জেলা, সিলেট বিভাগ, 3370, বাংলাদেশ",24.5379212,91.5074608
2020-12-04,6 killed in Tangail road accident,"Tangail, Bangladesh","টাঙ্গাইল, টাঙ্গাইল জেলা, ঢাকা বিভাগ, 1900, বাংলাদেশ",24.2507265,89.9149441
2020-12-01,3 killed in Chandpur road accident,"Chandpur, Bangladesh","Chandpur, মৌলভিবাজার জেলা, সিলেট বিভাগ, বাংলাদেশ",24.426694750000003,91.96290920902106
2020-11-23,Bangladeshi student killed in Australia road accident,"Australia, Bangladesh","High Commission for the People's Republic of Bangladesh, 57, Culgoa Circuit, O'Malley, District of Woden Valley, Australian Capital Territory, 2606, Australia",-35.3506169,149.1069171
2020-11-22,3 killed in Bogra road accident,"Bogra, Bangladesh","বগুড়া, বগুড়া জেলা, রাজশাহী বিভাগ, 5800, বাংলাদেশ",24.8500662,89.3728431
2020-11-11,Woman killed in Dhaka road accident,"Dhaka, Bangladesh","ঢাকা, Chanpara Bazar, ঢাকা জেলা, ঢাকা বিভাগ, 1230, বাংলাদেশ",23.810651,90.4126466
2020-11-03,5 killed in truck-ambulance collision in Kushtia,"Kushtia, Bangladesh","কুষ্টিয়া, Shonar Bangla Road, কুষ্টিয়া জেলা, খুলনা বিভাগ, 07000, বাংলাদেশ",23.8987955,89.1295536
2020-11-02,Three killed in Chandpur road accident,"Chandpur, Bangladesh","Chandpur, মৌলভিবাজার জেলা, সিলেট বিভাগ, বাংলাদেশ",24.426694750000003,91.96290920902106
2020-10-26,4 killed in Cox’s Bazar road crash,"Cox's Bazar, Bangladesh","কক্সবাজার জেলা, চট্টগ্রাম বিভাগ, বাংলাদেশ",21.16587175,92.03996424949702
2020-10-16,"Boy killed in Dhaka road accident, locals stage demonstrations","Dhaka, Bangladesh","ঢাকা, Chanpara Bazar, ঢাকা জেলা, ঢাকা বিভাগ, 1230, বাংলাদেশ",23.810651,90.4126466
2020-10-12,"Mother killed, daughter injured, in Dhaka road accident","Dhaka, Bangladesh","ঢাকা, Chanpara Bazar, ঢাকা জেলা, ঢাকা বিভাগ, 1230, বাংলাদেশ",23.810651,90.4126466
2020-10-08,4 killed in separate road accidents in Khulna,"Khulna, Bangladesh","খুলনা বিভাগ, বাংলাদেশ",22.9372087,89.2852741
2020-10-08,Road accidents kill 2 in Dhaka,"Dhaka, Bangladesh","ঢাকা, Chanpara Bazar, ঢাকা জেলা, ঢাকা বিভাগ, 1230, বাংলাদেশ",23.810651,90.4126466
2020-10-02,Intern doctor killed in Sirajganj road accident,"Sirajganj, Bangladesh","সিরাজগঞ্জ, সিরাজগঞ্জ জেলা, রাজশাহী বিভাগ, 6700, বাংলাদেশ",24.4566253,89.7081281
2020-09-21,"PIB director killed, one injured in Dhaka road crash","Dhaka, Bangladesh","ঢাকা, Chanpara Bazar, ঢাকা জেলা, ঢাকা বিভাগ, 1230, বাংলাদেশ",23.810651,90.4126466
2020-09-18,"4 killed, 20 injured in Magura road crash","Magura, Bangladesh","মাগুরা, মাগুরা জেলা, খুলনা বিভাগ, বাংলাদেশ",23.488333,89.42
2020-09-07,Four killed in Habiganj road accident,"Habiganj, Bangladesh","Habiganj - Nabiganj Road, নবীগঞ্জ, হবিগঞ্জ জেলা, সিলেট বিভাগ, 3370, বাংলাদেশ",24.5379212,91.5074608
2020-08-30,DU student among 3 killed in Cox’s Bazar road accident,"Cox's Bazar, Bangladesh","কক্সবাজার জেলা, চট্টগ্রাম বিভাগ, বাংলাদেশ",21.16587175,92.03996424949702
2020-08-21,4 of a family killed in Tangail road crash,"Tangail, Bangladesh","টাঙ্গাইল, টাঙ্গাইল জেলা, ঢাকা বিভাগ, 1900, বাংলাদেশ",24.2507265,89.9149441
2020-08-19,1 killed in collision between bus and motorcycle in Jatrabari,"Jatrabari, Bangladesh","Jamia Islamia Darul Ulum Madania, 312, Jatrabari, দক্ষিণ যাত্রাবাড়ি, বাংলাদেশ ব্যাংক কলোনী, ডেমরা, ঢাকা জেলা, ঢাকা বিভাগ, 1232, বাংলাদেশ",23.7068914,90.4379131
2020-08-14,Man killed in Dhaka road accident,"Dhaka, Bangladesh","ঢাকা, Chanpara Bazar, ঢাকা জেলা, ঢাকা বিভাগ, 1230, বাংলাদেশ",23.810651,90.4126466
2020-08-02,ATN News official among 2 killed in Meherpur road crash,"Meherpur, Bangladesh","মেহেরপুর জেলা, খুলনা বিভাগ, 7100, বাংলাদেশ",23.7751475,88.6311437
2020-07-29,Three killed in Chandpur road crash,"Chandpur, Bangladesh","Chandpur, মৌলভিবাজার জেলা, সিলেট বিভাগ, বাংলাদেশ",24.426694750000003,91.96290920902106
2020-07-07,Three of a family killed in Comilla road accident,"Comilla, Bangladesh","কুমিল্লা, কুমিল্লা জেলা, চট্টগ্রাম বিভাগ, 3500, বাংলাদেশ",23.4610615,91.1808748
2020-07-04,"Four killed in Gazipur, Lakshmipur road crashes","Gazipur, Bangladesh","গাজীপুর, গাজীপুর জেলা, ঢাকা বিভাগ, 1701, বাংলাদেশ",23.9980797,90.4229848
2020-07-01,"Road accident kills 4, injures 6 in Rangpur","Rangpur, Bangladesh","রংপুর, রংপুর জেলা, 5400, বাংলাদেশ",25.7569808,89.241459
2020-06-28,3 killed as truck crashes into the divider on Tangail highway,"Tangail, Bangladesh","টাঙ্গাইল, টাঙ্গাইল জেলা, ঢাকা বিভাগ, 1900, বাংলাদেশ",24.2507265,89.9149441
2020-06-24,Road accident claims two lives in Sirajganj,"Sirajganj, Bangladesh","সিরাজগঞ্জ, সিরাজগঞ্জ জেলা, রাজশাহী বিভাগ, 6700, বাংলাদেশ",24.4566253,89.7081281
2020-06-23,2 killed as tree falls on motorcycle in Habiganj,"Habiganj, Bangladesh","Habiganj - Nabiganj Road, নবীগঞ্জ, হবিগঞ্জ জেলা, সিলেট বিভাগ, 3370, বাংলাদেশ",24.5379212,91.5074608
2020-06-17,Three killed in Sirajganj road accident,"Sirajganj, Bangladesh","সিরাজগঞ্জ, সিরাজগঞ্জ জেলা, রাজশাহী বিভাগ, 6700, বাংলাদেশ",24.4566253,89.7081281
2020-06-13,Road crash kills two BGB troopers in Rajshahi,"Rajshahi, Bangladesh","রাজশাহী বিভাগ, বাংলাদেশ",24.4611511,88.6888703
2020-05-28,Two students killed in motorbike crash in Dhaka,"Dhaka, Bangladesh","ঢাকা, Chanpara Bazar, ঢাকা জেলা, ঢাকা বিভাগ, 1230, বাংলাদেশ",23.810651,90.4126466
2020-05-22,3 die in Narayanganj road accident,"Narayanganj, Bangladesh","নারায়ণগঞ্জ, নারায়নগঞ্জ জেলা, ঢাকা বিভাগ, 1400, বাংলাদেশ",23.6238108,90.4999662
2020-05-11,Agriculture officer killed in Habiganj road crash,"Habiganj, Bangladesh","Habiganj - Nabiganj Road, নবীগঞ্জ, হবিগঞ্জ জেলা, সিলেট বিভাগ, 3370, বাংলাদেশ",24.5379212,91.5074608
2020-04-28,"Two farm workers killed, four injured in Bogra road accident","Bogra, Bangladesh","বগুড়া, বগুড়া জেলা, রাজশাহী বিভাগ, 5800, বাংলাদেশ",24.8500662,89.3728431
2020-04-16,"1 soldier killed, 21 injured as army truck crashes in Dhaka","Dhaka, Bangladesh","ঢাকা, Chanpara Bazar, ঢাকা জেলা, ঢাকা বিভাগ, 1230, বাংলাদেশ",23.810651,90.4126466
2020-03-25,Woman killed in Savar road accident,"Savar, Bangladesh","সাভার, সাভার উপজেলা, ঢাকা জেলা, ঢাকা বিভাগ, 1340, বাংলাদেশ",23.8477,90.2587
2020-03-06,10 people killed as microbus rams into tree in Habiganj,"Habiganj, Bangladesh","Habiganj - Nabiganj Road, নবীগঞ্জ, হবিগঞ্জ জেলা, সিলেট বিভাগ, 3370, বাংলাদেশ",24.5379212,91.5074608
2020-02-26,5 killed in Dhaka road accidents,"Dhaka, Bangladesh","ঢাকা, Chanpara Bazar, ঢাকা জেলা, ঢাকা বিভাগ, 1230, বাংলাদেশ",23.810651,90.4126466
2020-02-26,4 killed in Dhaka road accidents,"Dhaka, Bangladesh","ঢাকা, Chanpara Bazar, ঢাকা জেলা, ঢাকা বিভাগ, 1230, বাংলাদেশ",23.810651,90.4126466
2020-02-24,4 killed in road accidents in Dhaka,"Dhaka, Bangladesh","ঢাকা, Chanpara Bazar, ঢাকা জেলা, ঢাকা বিভাগ, 1230, বাংলাদেশ",23.810651,90.4126466
2020-02-23,18 injured as private car ploughs through crowd in Kurmitola,"Kurmitola, Bangladesh","কুর্মিটোলা, সেক্টর ২, ঢাকা, Chanpara Bazar, ঢাকা জেলা, ঢাকা বিভাগ, 1230, বাংলাদেশ",23.8495033,90.4068678
2020-02-08,"6 killed in Comilla, Cox's Bazar road accidents","Comilla, Bangladesh","কুমিল্লা, কুমিল্লা জেলা, চট্টগ্রাম বিভাগ, 3500, বাংলাদেশ",23.4610615,91.1808748
2020-02-04,1 killed in Dhaka road accident,"Dhaka, Bangladesh","ঢাকা, Chanpara Bazar, ঢাকা জেলা, ঢাকা বিভাগ, 1230, বাংলাদেশ",23.810651,90.4126466
2020-01-28,Bus race kills motorcyclist in Dhaka,"Dhaka, Bangladesh","ঢাকা, Chanpara Bazar, ঢাকা জেলা, ঢাকা বিভাগ, 1230, বাংলাদেশ",23.810651,90.4126466
2020-01-28,1 killed in Dhaka road accident,"Dhaka, Bangladesh","ঢাকা, Chanpara Bazar, ঢাকা জেলা, ঢাকা বিভাগ, 1230, বাংলাদেশ",23.810651,90.4126466
2020-01-28,"4 killed in Moulvibazar, Habiganj road accidents","Moulvibazar, Bangladesh","Moulvibazar, মৌলভীবাজার, মৌলভিবাজার জেলা, সিলেট বিভাগ, বাংলাদেশ",24.5508121,91.7110348
2020-01-17,3 killed in Chittagong road accident,"Chittagong, Bangladesh","চট্টগ্রাম, চট্টগ্রাম জেলা, চট্টগ্রাম বিভাগ, 4000, বাংলাদেশ",22.3364709,91.8260479
2020-01-17,4 killed in Dhaka road accidents,"Dhaka, Bangladesh","ঢাকা, Chanpara Bazar, ঢাকা জেলা, ঢাকা বিভাগ, 1230, বাংলাদেশ",23.810651,90.4126466
2020-01-14,2 killed in Dhaka road accidents,"Dhaka, Bangladesh","ঢাকা, Chanpara Bazar, ঢাকা জেলা, ঢাকা বিভাগ, 1230, বাংলাদেশ",23.810651,90.4126466
2020-01-06,Family of 4 killed in Faridpur road accident,"Faridpur, Bangladesh","ফরিদপুর, ফরিদপুর জেলা, ঢাকা বিভাগ, বাংলাদেশ",23.6040182,89.8415542
2020-01-01,Youth killed in Dhaka road accident,"Dhaka, Bangladesh","ঢাকা, Chanpara Bazar, ঢাকা জেলা, ঢাকা বিভাগ, 1230, বাংলাদেশ",23.810651,90.4126466
2019-12-24,4 of a family among 5 killed in Kushtia road crash,"Kushtia, Bangladesh","কুষ্টিয়া, Shonar Bangla Road, কুষ্টিয়া জেলা, খুলনা বিভাগ, 07000, বাংলাদেশ",23.8987955,89.1295536
2019-12-20,DMCH staff killed in Dhaka road accident,"Dhaka, Bangladesh","ঢাকা, Chanpara Bazar, ঢাকা জেলা, ঢাকা বিভাগ, 1230, বাংলাদেশ",23.810651,90.4126466
2019-12-13,Truck kills college student in Demra,"Demra, Bangladesh","Demra, পাবনা জেলা, রাজশাহী বিভাগ, 6650, বাংলাদেশ",24.1392046,89.4733047
2019-12-06,Three of a family killed in Tangail road accident,"Tangail, Bangladesh","টাঙ্গাইল, টাঙ্গাইল জেলা, ঢাকা বিভাগ, 1900, বাংলাদেশ",24.2507265,89.9149441
2019-12-04,Man killed in Dhaka road accident,"Dhaka, Bangladesh","ঢাকা, Chanpara Bazar, ঢাকা জেলা, ঢাকা বিভাগ, 1230, বাংলাদেশ",23.810651,90.4126466
2019-11-26,3 killed in Faridpur road accident,"Faridpur, Bangladesh","ফরিদপুর, ফরিদপুর জেলা, ঢাকা বিভাগ, বাংলাদেশ",23.6040182,89.8415542
2019-11-23,Police: Negligence of bus driver caused Munshiganj road accident,"Munshiganj, Bangladesh","মুন্সিগঞ্জ জেলা, ঢাকা বিভাগ, বাংলাদেশ",23.5483797,90.5349722
2019-11-22,9 killed in Munshiganj road accident,"Munshiganj, Bangladesh","মুন্সিগঞ্জ জেলা, ঢাকা বিভাগ, বাংলাদেশ",23.5483797,90.5349722
2019-11-17,8-year-old boy killed in Mirpur road crash,"Mirpur, Bangladesh","মিরপুর, ঢাকা, Chanpara Bazar, ঢাকা জেলা, ঢাকা বিভাগ, 1230, বাংলাদেশ",23.8123138,90.3596044
2019-11-13,Bus runs over 6-yr-old in Jatrabari,"Jatrabari, Bangladesh","Jamia Islamia Darul Ulum Madania, 312, Jatrabari, দক্ষিণ যাত্রাবাড়ি, বাংলাদেশ ব্যাংক কলোনী, ডেমরা, ঢাকা জেলা, ঢাকা বিভাগ, 1232, বাংলাদেশ",23.7068914,90.4379131
2019-11-12,Woman dies after being run over by bus in Dhaka,"Dhaka, Bangladesh","ঢাকা, Chanpara Bazar, ঢাকা জেলা, ঢাকা বিভাগ, 1230, বাংলাদেশ",23.810651,90.4126466
2019-11-08,13 injured as bus falls into pond in Noakhali,"Noakhali, Bangladesh","নোয়াখালী জেলা, চট্টগ্রাম বিভাগ, বাংলাদেশ",22.5313205,91.1775744276286
2019-11-06,Army personnel killed in Chittagong road crash,"Chittagong, Bangladesh","চট্টগ্রাম, চট্টগ্রাম জেলা, চট্টগ্রাম বিভাগ, 4000, বাংলাদেশ",22.3364709,91.8260479
2019-10-28,2 killed in Rangpur road accident,"Rangpur, Bangladesh","রংপুর, রংপুর জেলা, 5400, বাংলাদেশ",25.7569808,89.241459
2019-10-20,1 killed in Dhaka road accident,"Dhaka, Bangladesh","ঢাকা, Chanpara Bazar, ঢাকা জেলা, ঢাকা বিভাগ, 1230, বাংলাদেশ",23.810651,90.4126466
2019-10-17,Child crushed under easy-bike in Dhaka,"Dhaka, Bangladesh","ঢাকা, Chanpara Bazar, ঢাকা জেলা, ঢাকা বিভাগ, 1230, বাংলাদেশ",23.810651,90.4126466
2019-10-16,"Bus-truck collision kills 1, injures 3 in Sirajganj","Sirajganj, Bangladesh","সিরাজগঞ্জ, সিরাজগঞ্জ জেলা, রাজশাহী বিভাগ, 6700, বাংলাদেশ",24.4566253,89.7081281
2019-10-13,"2 die, one injured in Dhaka road crashes","Dhaka, Bangladesh","ঢাকা, Chanpara Bazar, ঢাকা জেলা, ঢাকা বিভাগ, 1230, বাংলাদেশ",23.810651,90.4126466
2019-10-05,"4 killed in road accidents in Jessore, Dinajpur and Nilphamari","Jessore, Bangladesh","যশোর জেলা, খুলনা বিভাগ, বাংলাদেশ",23.084244400000003,89.12469390817779
2019-10-03,RAB official killed in Dhaka road accident,"Dhaka, Bangladesh","ঢাকা, Chanpara Bazar, ঢাকা জেলা, ঢাকা বিভাগ, 1230, বাংলাদেশ",23.810651,90.4126466
2019-09-28,"2 killed in road accidents in Rangpur, Feni","Rangpur, Bangladesh","রংপুর, রংপুর জেলা, 5400, বাংলাদেশ",25.7569808,89.241459
2019-09-27,1 killed in Dhaka road accident,"Dhaka, Bangladesh","ঢাকা, Chanpara Bazar, ঢাকা জেলা, ঢাকা বিভাগ, 1230, বাংলাদেশ",23.810651,90.4126466
2019-09-23,3 killed in Sherpur road accident,"Sherpur, Bangladesh","শেরপুর, শেরপুর জেলা, ময়মনসিংহ বিভাগ, 2100, বাংলাদেশ",25.0227686,90.0060793
2019-09-08,"1 killed, another injured in Dhaka road accident","Dhaka, Bangladesh","ঢাকা, Chanpara Bazar, ঢাকা জেলা, ঢাকা বিভাগ, 1230, বাংলাদেশ",23.810651,90.4126466
2019-09-06,Transport worker killed in Dhaka road accident,"Dhaka, Bangladesh","ঢাকা, Chanpara Bazar, ঢাকা জেলা, ঢাকা বিভাগ, 1230, বাংলাদেশ",23.810651,90.4126466
2019-09-01,1 killed in Dhaka road accident,"Dhaka, Bangladesh","ঢাকা, Chanpara Bazar, ঢাকা জেলা, ঢাকা বিভাগ, 1230, বাংলাদেশ",23.810651,90.4126466
2019-08-29,2 killed in Ashulia road accident,"Ashulia, Bangladesh","আশুলিয়া, সাভার, সাভার উপজেলা, ঢাকা জেলা, ঢাকা বিভাগ, 1341, বাংলাদেশ",23.9005799,90.3255674
2019-08-28,"4 killed in Dinajpur, Jhenaidah road accidents","Dinajpur, Bangladesh","দিনাজপুর, দিনাজপুর জেলা, 5216, বাংলাদেশ",25.6260712,88.6346228
2019-08-27,"3 killed in Dhaka, Gazipur road accidents","Dhaka, Bangladesh","ঢাকা, Chanpara Bazar, ঢাকা জেলা, ঢাকা বিভাগ, 1230, বাংলাদেশ",23.810651,90.4126466
2019-08-24,Army sergeant killed in Bogra road accident,"Bogra, Bangladesh","বগুড়া, বগুড়া জেলা, রাজশাহী বিভাগ, 5800, বাংলাদেশ",24.8500662,89.3728431
2019-08-23,2 die in separate road accidents in Dhaka,"Dhaka, Bangladesh","ঢাকা, Chanpara Bazar, ঢাকা জেলা, ঢাকা বিভাগ, 1230, বাংলাদেশ",23.810651,90.4126466
2019-08-22,1 killed in Habiganj road accident,"Habiganj, Bangladesh","Habiganj - Nabiganj Road, নবীগঞ্জ, হবিগঞ্জ জেলা, সিলেট বিভাগ, 3370, বাংলাদেশ",24.5379212,91.5074608
2019-08-07,2 killed in Habiganj road accident,"Habiganj, Bangladesh","Habiganj - Nabiganj Road, নবীগঞ্জ, হবিগঞ্জ জেলা, সিলেট বিভাগ, 3370, বাংলাদেশ",24.5379212,91.5074608
2019-08-01,Man run over by truck in Dhaka,"Dhaka, Bangladesh","ঢাকা, Chanpara Bazar, ঢাকা জেলা, ঢাকা বিভাগ, 1230, বাংলাদেশ",23.810651,90.4126466
2019-07-25,Man dies in Bogra road accident,"Bogra, Bangladesh","বগুড়া, বগুড়া জেলা, রাজশাহী বিভাগ, 5800, বাংলাদেশ",24.8500662,89.3728431
2019-07-24,3 killed in Narayanganj road accident,"Narayanganj, Bangladesh","নারায়ণগঞ্জ, নারায়নগঞ্জ জেলা, ঢাকা বিভাগ, 1400, বাংলাদেশ",23.6238108,90.4999662
2019-07-20,"3 killed in Faridpur, Bogra road accidents","Faridpur, Bangladesh","ফরিদপুর, ফরিদপুর জেলা, ঢাকা বিভাগ, বাংলাদেশ",23.6040182,89.8415542
2019-07-19,"3 killed in Tangail, B’baria road accidents","Tangail, Bangladesh","টাঙ্গাইল, টাঙ্গাইল জেলা, ঢাকা বিভাগ, 1900, বাংলাদেশ",24.2507265,89.9149441
2019-07-13,"3 killed in Gaibandha, Bogra road accidents","Bogra, Bangladesh","বগুড়া, বগুড়া জেলা, রাজশাহী বিভাগ, 5800, বাংলাদেশ",24.8500662,89.3728431
2019-07-08,1 killed in Narayanganj road accident,"Narayanganj, Bangladesh","নারায়ণগঞ্জ, নারায়নগঞ্জ জেলা, ঢাকা বিভাগ, 1400, বাংলাদেশ",23.6238108,90.4999662
2019-07-08,2 killed as train hits truck in Gazipur,"Gazipur, Bangladesh","গাজীপুর, গাজীপুর জেলা, ঢাকা বিভাগ, 1701, বাংলাদেশ",23.9980797,90.4229848
2019-07-07,Traffic police killed in Dhaka road accident,"Dhaka, Bangladesh","ঢাকা, Chanpara Bazar, ঢাকা জেলা, ঢাকা বিভাগ, 1230, বাংলাদেশ",23.810651,90.4126466
2019-06-29,Rangpur road accident kills 3,"Rangpur, Bangladesh","রংপুর, রংপুর জেলা, 5400, বাংলাদেশ",25.7569808,89.241459
2019-06-28,"1 killed, 3 injured in Brahmanbaria road accident","Brahmanbaria, Bangladesh","ব্রাহ্মণবাড়িয়া জেলা, চট্টগ্রাম বিভাগ, বাংলাদেশ",23.96059985,91.11908934668182
2019-06-16,Rickshaw puller killed in Tejgaon road crash,"Tejgaon, Bangladesh","B A F Shaheen College, Tejgaon, Dhaka, বীর উত্তম জিয়াউর রহমান সড়ক, মহাখালী, নিকেতন, ঢাকা, ঢাকা জেলা, ঢাকা বিভাগ, 1230, বাংলাদেশ",23.7769318,90.39085277802562
2019-06-14,1 killed in Dhaka road accident,"Dhaka, Bangladesh","ঢাকা, Chanpara Bazar, ঢাকা জেলা, ঢাকা বিভাগ, 1230, বাংলাদেশ",23.810651,90.4126466
2019-06-12,1 killed in Dhaka road accident,"Dhaka, Bangladesh","ঢাকা, Chanpara Bazar, ঢাকা জেলা, ঢাকা বিভাগ, 1230, বাংলাদেশ",23.810651,90.4126466
2019-06-12,3 motorcyclists killed in Naogaon road accident,"Naogaon, Bangladesh","Naogaon, নওগাঁ জেলা, রাজশাহী বিভাগ, 6500, বাংলাদেশ",24.808119150000003,88.95266066504688
2019-06-10,Woman run over by bus in Jatrabari,"Jatrabari, Bangladesh","Jamia Islamia Darul Ulum Madania, 312, Jatrabari, দক্ষিণ যাত্রাবাড়ি, বাংলাদেশ ব্যাংক কলোনী, ডেমরা, ঢাকা জেলা, ঢাকা বিভাগ, 1232, বাংলাদেশ",23.7068914,90.4379131
2019-06-06,"4 killed, 20 injured in Faridpur road accident","Faridpur, Bangladesh","ফরিদপুর, ফরিদপুর জেলা, ঢাকা বিভাগ, বাংলাদেশ",23.6040182,89.8415542
2019-06-02,Mother of two killed in Dhaka road accident,"Dhaka, Bangladesh","ঢাকা, Chanpara Bazar, ঢাকা জেলা, ঢাকা বিভাগ, 1230, বাংলাদেশ",23.810651,90.4126466
2019-05-30,3 killed in Chandpur road accidents,"Chandpur, Bangladesh","Chandpur, মৌলভিবাজার জেলা, সিলেট বিভাগ, বাংলাদেশ",24.426694750000003,91.96290920902106
2019-05-25,One killed in road accident in Pabna,"Pabna, Bangladesh","পাবনা, পাবনা জেলা, রাজশাহী বিভাগ, 6600, বাংলাদেশ",24.005,89.25
2019-05-15,Man killed in Jatrabari road accident,"Jatrabari, Bangladesh","Jamia Islamia Darul Ulum Madania, 312, Jatrabari, দক্ষিণ যাত্রাবাড়ি, বাংলাদেশ ব্যাংক কলোনী, ডেমরা, ঢাকা জেলা, ঢাকা বিভাগ, 1232, বাংলাদেশ",23.7068914,90.4379131
2019-05-11,"2 killed in Magura, Savar road accidents","Magura, Bangladesh","মাগুরা, মাগুরা জেলা, খুলনা বিভাগ, বাংলাদেশ",23.488333,89.42
2019-05-11,"2 killed in road accidents in Kushtia, Tangail","Kushtia, Bangladesh","কুষ্টিয়া, Shonar Bangla Road, কুষ্টিয়া জেলা, খুলনা বিভাগ, 07000, বাংলাদেশ",23.8987955,89.1295536
2019-05-08,Road crash kills Grameen Bank official in Dhaka,"Dhaka, Bangladesh","ঢাকা, Chanpara Bazar, ঢাকা জেলা, ঢাকা বিভাগ, 1230, বাংলাদেশ",23.810651,90.4126466
2019-05-05,2 workers killed as truck overturns in Comilla,"Comilla, Bangladesh","কুমিল্লা, কুমিল্লা জেলা, চট্টগ্রাম বিভাগ, 3500, বাংলাদেশ",23.4610615,91.1808748
2019-05-05,"6 people killed in road accidents in Dhamrai, Rajbari","Dhamrai, Bangladesh","ধামরাই উপজেলা, ঢাকা জেলা, ঢাকা বিভাগ, 1350, বাংলাদেশ",23.920162,90.2108702
2019-04-28,5 dead in Chandpur road accident,"Chandpur, Bangladesh","Chandpur, মৌলভিবাজার জেলা, সিলেট বিভাগ, বাংলাদেশ",24.426694750000003,91.96290920902106
2019-04-28,Fireman dies in Naogaon road accident,"Naogaon, Bangladesh","Naogaon, নওগাঁ জেলা, রাজশাহী বিভাগ, 6500, বাংলাদেশ",24.808119150000003,88.95266066504688
2019-04-26,4 killed as jeep ploughs into house in Chittagong,"Chittagong, Bangladesh","চট্টগ্রাম, চট্টগ্রাম জেলা, চট্টগ্রাম বিভাগ, 4000, বাংলাদেশ",22.3364709,91.8260479
2019-04-25,2 killed in Dhaka road accident,"Dhaka, Bangladesh","ঢাকা, Chanpara Bazar, ঢাকা জেলা, ঢাকা বিভাগ, 1230, বাংলাদেশ",23.810651,90.4126466
2019-04-20,Child killed in Brahmanbaria road accident,"Brahmanbaria, Bangladesh","ব্রাহ্মণবাড়িয়া জেলা, চট্টগ্রাম বিভাগ, বাংলাদেশ",23.96059985,91.11908934668182
2019-04-18,"Father, daughter among 3 killed in Dinajpur road accident","Dinajpur, Bangladesh","দিনাজপুর, দিনাজপুর জেলা, 5216, বাংলাদেশ",25.6260712,88.6346228
2019-04-14,"Maitree Express hits pick-up in Sirajganj, 3 killed","Sirajganj, Bangladesh","সিরাজগঞ্জ, সিরাজগঞ্জ জেলা, রাজশাহী বিভাগ, 6700, বাংলাদেশ",24.4566253,89.7081281
2019-04-08,1 killed after bus rams rickshaw in Gulistan,"Gulistan, Bangladesh","গুলিস্তান, ঢাকা, ঢাকা জেলা, ঢাকা বিভাগ, ১০০০, বাংলাদেশ",23.7249491,90.4120842
2019-03-30,Singer Khurshid Alam injured in Bogra road crash,"Bogra, Bangladesh","বগুড়া, বগুড়া জেলা, রাজশাহী বিভাগ, 5800, বাংলাদেশ",24.8500662,89.3728431
2019-03-30,7 killed as bus plunges into ditch in Madaripur,"Madaripur, Bangladesh","মাদারীপুর, মাদারীপুর জেলা, ঢাকা বিভাগ, 7900, বাংলাদেশ",23.1675473,90.2049733
2019-03-28,"8 killed, 20 injured as bus, microbus collide in Chittagong","Chittagong, Bangladesh","চট্টগ্রাম, চট্টগ্রাম জেলা, চট্টগ্রাম বিভাগ, 4000, বাংলাদেশ",22.3364709,91.8260479
2019-03-28,College student killed in Lakshmipur road accident,"Lakshmipur, Bangladesh","লক্ষ্মীপুর, লক্ষ্মীপুর জেলা, চট্টগ্রাম বিভাগ, 3700, বাংলাদেশ",22.9444179,90.827495
2019-03-19,Two killed in Manikganj road accident,"Manikganj, Bangladesh","মানিকগঞ্জ জেলা, ঢাকা বিভাগ, বাংলাদেশ",23.871163,89.9987833
2019-03-15,3 die in separate Dhaka road accidents,"Dhaka, Bangladesh","ঢাকা, Chanpara Bazar, ঢাকা জেলা, ঢাকা বিভাগ, 1230, বাংলাদেশ",23.810651,90.4126466
2019-02-23,"5 killed, 6 injured in separate road crashes in Tangail","Tangail, Bangladesh","টাঙ্গাইল, টাঙ্গাইল জেলা, ঢাকা বিভাগ, 1900, বাংলাদেশ",24.2507265,89.9149441
2019-02-17,Five killed in separate accidents in Dhaka,"Dhaka, Bangladesh","ঢাকা, Chanpara Bazar, ঢাকা জেলা, ঢাকা বিভাগ, 1230, বাংলাদেশ",23.810651,90.4126466
2019-02-11,"3 killed, 1 injured in Munshiganj road accident","Munshiganj, Bangladesh","মুন্সিগঞ্জ জেলা, ঢাকা বিভাগ, বাংলাদেশ",23.5483797,90.5349722
2019-02-11,Schoolgirl killed in Khulna road accident,"Khulna, Bangladesh","খুলনা বিভাগ, বাংলাদেশ",22.9372087,89.2852741
2019-02-11,"Car-truck collision kills 5 BCL, Juba League men in Khulna","Khulna, Bangladesh","খুলনা বিভাগ, বাংলাদেশ",22.9372087,89.2852741
2019-02-10,Separate road accidents kill 2 in Tangail,"Tangail, Bangladesh","টাঙ্গাইল, টাঙ্গাইল জেলা, ঢাকা বিভাগ, 1900, বাংলাদেশ",24.2507265,89.9149441
2019-02-05,3 killed in Dhaka road accidents,"Dhaka, Bangladesh","ঢাকা, Chanpara Bazar, ঢাকা জেলা, ঢাকা বিভাগ, 1230, বাংলাদেশ",23.810651,90.4126466
2019-02-03,Bus-microbus collision kills 4 in Chittagong,"Chittagong, Bangladesh","চট্টগ্রাম, চট্টগ্রাম জেলা, চট্টগ্রাম বিভাগ, 4000, বাংলাদেশ",22.3364709,91.8260479
2019-02-03,Motorcyclist dead in Rangamati road accident,"Rangamati, Bangladesh","রাঙ্গামাটি পার্বত্য জেলা, চট্টগ্রাম বিভাগ, বাংলাদেশ",22.817729149999998,92.21970726375808
2019-01-29,4 killed as truck falls into Turag river in Ashulia,"Ashulia, Bangladesh","আশুলিয়া, সাভার, সাভার উপজেলা, ঢাকা জেলা, ঢাকা বিভাগ, 1341, বাংলাদেশ",23.9005799,90.3255674
2019-01-28,3 killed in Dhaka road accidents,"Dhaka, Bangladesh","ঢাকা, Chanpara Bazar, ঢাকা জেলা, ঢাকা বিভাগ, 1230, বাংলাদেশ",23.810651,90.4126466
2019-01-23,6 members of a family among 7 killed in Lakshmipur road accident,"Lakshmipur, Bangladesh","লক্ষ্মীপুর, লক্ষ্মীপুর জেলা, চট্টগ্রাম বিভাগ, 3700, বাংলাদেশ",22.9444179,90.827495
2019-01-22,Woman killed in Bogra road accident,"Bogra, Bangladesh","বগুড়া, বগুড়া জেলা, রাজশাহী বিভাগ, 5800, বাংলাদেশ",24.8500662,89.3728431
2019-01-22,One killed as train hits lorry in Tangail,"Tangail, Bangladesh","টাঙ্গাইল, টাঙ্গাইল জেলা, ঢাকা বিভাগ, 1900, বাংলাদেশ",24.2507265,89.9149441
2019-01-09,2 killed in Netrokona road accident,"Netrokona, Bangladesh","নেত্রকোনা, নেত্রকোনা জেলা, ময়মনসিংহ বিভাগ, বাংলাদেশ",24.8853398,90.7326247
2019-01-05,"2 run over, killed by truck in Ashulia","Ashulia, Bangladesh","আশুলিয়া, সাভার, সাভার উপজেলা, ঢাকা জেলা, ঢাকা বিভাগ, 1341, বাংলাদেশ",23.9005799,90.3255674
2019-01-04,"Bus-truck collision kills 1, injures 10 in Tangail","Tangail, Bangladesh","টাঙ্গাইল, টাঙ্গাইল জেলা, ঢাকা বিভাগ, 1900, বাংলাদেশ",24.2507265,89.9149441
2019-01-01,"3 killed, 40 injured in Chittagong road accident","Chittagong, Bangladesh","চট্টগ্রাম, চট্টগ্রাম জেলা, চট্টগ্রাম বিভাগ, 4000, বাংলাদেশ",22.3364709,91.8260479
2018-12-27,2 killed in Dhaka road accident,"Dhaka, Bangladesh","ঢাকা, Chanpara Bazar, ঢাকা জেলা, ঢাকা বিভাগ, 1230, বাংলাদেশ",23.810651,90.4126466
2018-12-25,"1 killed, 21 injured in Tangail road accident","Tangail, Bangladesh","টাঙ্গাইল, টাঙ্গাইল জেলা, ঢাকা বিভাগ, 1900, বাংলাদেশ",24.2507265,89.9149441
2018-12-23,"3 killed in Bagerhat, Gazipur road accidents","Bagerhat, Bangladesh","বাগেরহাট, বাগেরহাট সদর উপজেলা, খুলনা বিভাগ, 9300, বাংলাদেশ",22.6554187,89.7971746
2018-12-08,Female ophthalmologist killed in Dhaka road accident,"Dhaka, Bangladesh","ঢাকা, Chanpara Bazar, ঢাকা জেলা, ঢাকা বিভাগ, 1230, বাংলাদেশ",23.810651,90.4126466
2018-11-25,Three killed in two road accidents in Savar,"Savar, Bangladesh","সাভার, সাভার উপজেলা, ঢাকা জেলা, ঢাকা বিভাগ, 1340, বাংলাদেশ",23.8477,90.2587
2018-11-24,1 spot dead and 25 injured in Habiganj road accident,"Habiganj, Bangladesh","Habiganj - Nabiganj Road, নবীগঞ্জ, হবিগঞ্জ জেলা, সিলেট বিভাগ, 3370, বাংলাদেশ",24.5379212,91.5074608
2018-11-14,"Road accident kills 3, injures 4 in Barisal","Barisal, Bangladesh","বরিশাল বিভাগ, বাংলাদেশ",22.5260609,90.2988173
2018-11-09,3 killed in Tangail road accident,"Tangail, Bangladesh","টাঙ্গাইল, টাঙ্গাইল জেলা, ঢাকা বিভাগ, 1900, বাংলাদেশ",24.2507265,89.9149441
2018-10-22,3 pedestrians killed in Jatrabari bus accidents,"Jatrabari, Bangladesh","Jamia Islamia Darul Ulum Madania, 312, Jatrabari, দক্ষিণ যাত্রাবাড়ি, বাংলাদেশ ব্যাংক কলোনী, ডেমরা, ঢাকা জেলা, ঢাকা বিভাগ, 1232, বাংলাদেশ",23.7068914,90.4379131
2018-10-22,"Father, son among 3 killed in Chandpur road accident","Chandpur, Bangladesh","Chandpur, মৌলভিবাজার জেলা, সিলেট বিভাগ, বাংলাদেশ",24.426694750000003,91.96290920902106
2018-10-20,Road accidents kill three in Dhaka,"Dhaka, Bangladesh","ঢাকা, Chanpara Bazar, ঢাকা জেলা, ঢাকা বিভাগ, 1230, বাংলাদেশ",23.810651,90.4126466
2018-10-09,Woman dies after falling from motorcycle in Dhaka,"Dhaka, Bangladesh","ঢাকা, Chanpara Bazar, ঢাকা জেলা, ঢাকা বিভাগ, 1230, বাংলাদেশ",23.810651,90.4126466
2018-10-04,Ekattor TV employee killed in Dhaka road accident,"Dhaka, Bangladesh","ঢাকা, Chanpara Bazar, ঢাকা জেলা, ঢাকা বিভাগ, 1230, বাংলাদেশ",23.810651,90.4126466
2018-09-25,"Truck ploughs through autorickshaw stand in Chittagong, kills 5","Chittagong, Bangladesh","চট্টগ্রাম, চট্টগ্রাম জেলা, চট্টগ্রাম বিভাগ, 4000, বাংলাদেশ",22.3364709,91.8260479
2018-09-22,"5 killed in road accidents in Khulna, Rajshahi","Khulna, Bangladesh","খুলনা বিভাগ, বাংলাদেশ",22.9372087,89.2852741
2018-09-20,"Road accidents kill 3 in Comilla, Khulna","Comilla, Bangladesh","কুমিল্লা, কুমিল্লা জেলা, চট্টগ্রাম বিভাগ, 3500, বাংলাদেশ",23.4610615,91.1808748
2018-09-20,"3 found dead in Ashulia, Savar","Ashulia, Bangladesh","আশুলিয়া, সাভার, সাভার উপজেলা, ঢাকা জেলা, ঢাকা বিভাগ, 1341, বাংলাদেশ",23.9005799,90.3255674
2018-09-15,"Rangpur bus collision kills 2, injures 20","Rangpur, Bangladesh","রংপুর, রংপুর জেলা, 5400, বাংলাদেশ",25.7569808,89.241459
2018-09-03,Police SI killed in Dhaka road crash,"Dhaka, Bangladesh","ঢাকা, Chanpara Bazar, ঢাকা জেলা, ঢাকা বিভাগ, 1230, বাংলাদেশ",23.810651,90.4126466
2018-09-02,"Separate road accidents kill 3, injured 37 in Bogra","Bogra, Bangladesh","বগুড়া, বগুড়া জেলা, রাজশাহী বিভাগ, 5800, বাংলাদেশ",24.8500662,89.3728431
2018-09-02,4 killed in Netrokona road accident,"Netrokona, Bangladesh","নেত্রকোনা, নেত্রকোনা জেলা, ময়মনসিংহ বিভাগ, বাংলাদেশ",24.8853398,90.7326247
2018-09-01,Boy killed after being hit by a bus in Kushtia,"Kushtia, Bangladesh","কুষ্টিয়া, Shonar Bangla Road, কুষ্টিয়া জেলা, খুলনা বিভাগ, 07000, বাংলাদেশ",23.8987955,89.1295536
2018-08-21,26 injured in Habiganj road accident,"Habiganj, Bangladesh","Habiganj - Nabiganj Road, নবীগঞ্জ, হবিগঞ্জ জেলা, সিলেট বিভাগ, 3370, বাংলাদেশ",24.5379212,91.5074608
2018-08-18,15 injured in road accident in Jhenidah,"Jhenidah, Bangladesh","Jhenidah Somobai Somity, N7, ঝিনাইদহ, ঝিনাইদহ জেলা, খুলনা বিভাগ, 7300, বাংলাদেশ",23.5510989,89.1737307
2018-08-16,"Four killed as speeding vehicles plough through shops in Rajshahi, Chuadanga","Rajshahi, Bangladesh","রাজশাহী বিভাগ, বাংলাদেশ",24.4611511,88.6888703
2018-08-06,2 including student killed by human hauler in Narsingdi,"Narsingdi, Bangladesh","নরসিংদী, নরসিংদী জেলা, ঢাকা বিভাগ, 1602, বাংলাদেশ",23.9156451,90.6981963
2018-08-03,Bus torched after it kills motorcyclist in Dhaka amidst movement for safe roads,"Dhaka, Bangladesh","ঢাকা, Chanpara Bazar, ঢাকা জেলা, ঢাকা বিভাগ, 1230, বাংলাদেশ",23.810651,90.4126466
2018-07-20,Two dead in Naogaon road accident,"Naogaon, Bangladesh","Naogaon, নওগাঁ জেলা, রাজশাহী বিভাগ, 6500, বাংলাদেশ",24.808119150000003,88.95266066504688
2018-07-19,Four killed in Cox’s Bazar road crash,"Cox's Bazar, Bangladesh","কক্সবাজার জেলা, চট্টগ্রাম বিভাগ, বাংলাদেশ",21.16587175,92.03996424949702
2018-07-16,Road accident kills 2 in Cox’s Bazar,"Cox's Bazar, Bangladesh","কক্সবাজার জেলা, চট্টগ্রাম বিভাগ, বাংলাদেশ",21.16587175,92.03996424949702
2018-06-26,6 killed in Tangail road accidents,"Tangail, Bangladesh","টাঙ্গাইল, টাঙ্গাইল জেলা, ঢাকা বিভাগ, 1900, বাংলাদেশ",24.2507265,89.9149441
2018-06-18,"6 killed in Noakhali, Tangail road accidents","Noakhali, Bangladesh","নোয়াখালী জেলা, চট্টগ্রাম বিভাগ, বাংলাদেশ",22.5313205,91.1775744276286
2018-06-06,4 killed in Tangail road accident,"Tangail, Bangladesh","টাঙ্গাইল, টাঙ্গাইল জেলা, ঢাকা বিভাগ, 1900, বাংলাদেশ",24.2507265,89.9149441
2018-05-23,"Bus falls off highway in Rangpur, two killed","Rangpur, Bangladesh","রংপুর, রংপুর জেলা, 5400, বাংলাদেশ",25.7569808,89.241459
2018-05-23,Five killed in Bogura road accident,"Bogura, Bangladesh","বগুড়া, বগুড়া জেলা, রাজশাহী বিভাগ, 5800, বাংলাদেশ",24.8500662,89.3728431
2018-05-17,4 killed in Habiganj road accident,"Habiganj, Bangladesh","Habiganj - Nabiganj Road, নবীগঞ্জ, হবিগঞ্জ জেলা, সিলেট বিভাগ, 3370, বাংলাদেশ",24.5379212,91.5074608
2018-05-12,"Three killed, 7 injured in Mirpur road crash","Mirpur, Bangladesh","মিরপুর, ঢাকা, Chanpara Bazar, ঢাকা জেলা, ঢাকা বিভাগ, 1230, বাংলাদেশ",23.8123138,90.3596044
2018-05-12,Senior journalist Kallol injured in road accident in Dhaka,"Dhaka, Bangladesh","ঢাকা, Chanpara Bazar, ঢাকা জেলা, ঢাকা বিভাগ, 1230, বাংলাদেশ",23.810651,90.4126466
2018-05-07,3 Chhatra League leaders killed in Brahmanbaria road accident,"Brahmanbaria, Bangladesh","ব্রাহ্মণবাড়িয়া জেলা, চট্টগ্রাম বিভাগ, বাংলাদেশ",23.96059985,91.11908934668182
2018-05-06,Now RMG worker loses foot in Dhaka road accident,"Dhaka, Bangladesh","ঢাকা, Chanpara Bazar, ঢাকা জেলা, ঢাকা বিভাগ, 1230, বাংলাদেশ",23.810651,90.4126466
2018-04-26,"After Rajib, child's arm severed by bus in Bogura","Bogura, Bangladesh","বগুড়া, বগুড়া জেলা, রাজশাহী বিভাগ, 5800, বাংলাদেশ",24.8500662,89.3728431
2018-04-08,Three killed in Khulna road crash,"Khulna, Bangladesh","খুলনা বিভাগ, বাংলাদেশ",22.9372087,89.2852741
2018-03-30,3 killed in Chittagong road accident,"Chittagong, Bangladesh","চট্টগ্রাম, চট্টগ্রাম জেলা, চট্টগ্রাম বিভাগ, 4000, বাংলাদেশ",22.3364709,91.8260479
2018-03-10,4 killed in Kushtia road crash,"Kushtia, Bangladesh","কুষ্টিয়া, Shonar Bangla Road, কুষ্টিয়া জেলা, খুলনা বিভাগ, 07000, বাংলাদেশ",23.8987955,89.1295536
2018-03-06,4 dead in Cox’s Bazar road crash,"Cox's Bazar, Bangladesh","কক্সবাজার জেলা, চট্টগ্রাম বিভাগ, বাংলাদেশ",21.16587175,92.03996424949702
2018-01-31,"Mother, son killed in Moulvibazar road crash","Moulvibazar, Bangladesh","Moulvibazar, মৌলভীবাজার, মৌলভিবাজার জেলা, সিলেট বিভাগ, বাংলাদেশ",24.5508121,91.7110348
2018-01-16,Truck driver lands in jail over death of 13 in Chuadanga road crash,"Chuadanga, Bangladesh","চুয়াডাঙ্গা জেলা, খুলনা বিভাগ, CHUADANGA, বাংলাদেশ",23.756870539623318,88.94544633107863
2018-01-16,Singer Nokul Kumar’s two co-artistes killed in Faridpur road crash,"Faridpur, Bangladesh","ফরিদপুর, ফরিদপুর জেলা, ঢাকা বিভাগ, বাংলাদেশ",23.6040182,89.8415542
2018-01-01,"Road accidents kill seven in Bogra, Habiganj","Bogra, Bangladesh","বগুড়া, বগুড়া জেলা, রাজশাহী বিভাগ, 5800, বাংলাদেশ",24.8500662,89.3728431
2017-12-29,3 killed in Bogra road accident,"Bogra, Bangladesh","বগুড়া, বগুড়া জেলা, রাজশাহী বিভাগ, 5800, বাংলাদেশ",24.8500662,89.3728431
2017-10-30,Seven killed in head-on collision of buses in Pabna,"Pabna, Bangladesh","পাবনা, পাবনা জেলা, রাজশাহী বিভাগ, 6600, বাংলাদেশ",24.005,89.25
2017-10-14,Two die in traffic accident in Cox’s Bazar,"Cox's Bazar, Bangladesh","কক্সবাজার জেলা, চট্টগ্রাম বিভাগ, বাংলাদেশ",21.16587175,92.03996424949702
2017-10-10,Private car crushed between two buses in Dhaka’s Gabtoli,"Dhaka, Bangladesh","ঢাকা, Chanpara Bazar, ঢাকা জেলা, ঢাকা বিভাগ, 1230, বাংলাদেশ",23.810651,90.4126466
2017-10-10,"Mother, son among 4 killed in Brahmanbaria road accident","Brahmanbaria, Bangladesh","ব্রাহ্মণবাড়িয়া জেলা, চট্টগ্রাম বিভাগ, বাংলাদেশ",23.96059985,91.11908934668182
2017-09-18,Schoolgirl killed in Dhaka road accident,"Dhaka, Bangladesh","ঢাকা, Chanpara Bazar, ঢাকা জেলা, ঢাকা বিভাগ, 1230, বাংলাদেশ",23.810651,90.4126466
2017-09-12,"3 killed, 12 injured in Cox’s Bazar road accident","Cox's Bazar, Bangladesh","কক্সবাজার জেলা, চট্টগ্রাম বিভাগ, বাংলাদেশ",21.16587175,92.03996424949702
2017-08-22,5 killed in Chittagong road accident,"Chittagong, Bangladesh","চট্টগ্রাম, চট্টগ্রাম জেলা, চট্টগ্রাম বিভাগ, 4000, বাংলাদেশ",22.3364709,91.8260479
2017-08-16,3 killed as lorry crushes CNG in Chittagong,"Chittagong, Bangladesh","চট্টগ্রাম, চট্টগ্রাম জেলা, চট্টগ্রাম বিভাগ, 4000, বাংলাদেশ",22.3364709,91.8260479
2017-08-08,"Four killed, 8 injured in Bogra road crash","Bogra, Bangladesh","বগুড়া, বগুড়া জেলা, রাজশাহী বিভাগ, 5800, বাংলাদেশ",24.8500662,89.3728431
2017-07-10,Air force soldier killed in Ctg road accident,"Chittagong, Bangladesh","চট্টগ্রাম, চট্টগ্রাম জেলা, চট্টগ্রাম বিভাগ, 4000, বাংলাদেশ",22.3364709,91.8260479
2017-07-02,Two dead in Chittagong road mishap,"Chittagong, Bangladesh","চট্টগ্রাম, চট্টগ্রাম জেলা, চট্টগ্রাম বিভাগ, 4000, বাংলাদেশ",22.3364709,91.8260479
2017-06-30,"3 killed, 25 injured in Rangpur accident","Rangpur, Bangladesh","রংপুর, রংপুর জেলা, 5400, বাংলাদেশ",25.7569808,89.241459
2017-06-28,"Driver gives wheel to helper, 17 dead after truck overturns in Rangpur","Rangpur, Bangladesh","রংপুর, রংপুর জেলা, 5400, বাংলাদেশ",25.7569808,89.241459
2017-06-24,Speeding bus runs over father-daughter in Dhaka,"Dhaka, Bangladesh","ঢাকা, Chanpara Bazar, ঢাকা জেলা, ঢাকা বিভাগ, 1230, বাংলাদেশ",23.810651,90.4126466
2017-06-21,"10 killed, several injured in Bogra, Gopalganj, Jhenaidah, Habiganj road accidents","Bogra, Bangladesh","বগুড়া, বগুড়া জেলা, রাজশাহী বিভাগ, 5800, বাংলাদেশ",24.8500662,89.3728431
2017-06-19,Two killed in Dhaka road accident,"Dhaka, Bangladesh","ঢাকা, Chanpara Bazar, ঢাকা জেলা, ঢাকা বিভাগ, 1230, বাংলাদেশ",23.810651,90.4126466
2017-06-16,Two pedestrians killed in Munshiganj road crash,"Munshiganj, Bangladesh","মুন্সিগঞ্জ জেলা, ঢাকা বিভাগ, বাংলাদেশ",23.5483797,90.5349722
2017-06-02,5 killed in Chittagong road crash,"Chittagong, Bangladesh","চট্টগ্রাম, চট্টগ্রাম জেলা, চট্টগ্রাম বিভাগ, 4000, বাংলাদেশ",22.3364709,91.8260479
2017-05-29,Two JU students killed in Savar road accident,"Savar, Bangladesh","সাভার, সাভার উপজেলা, ঢাকা জেলা, ঢাকা বিভাগ, 1340, বাংলাদেশ",23.8477,90.2587
2017-05-25,3 of a family killed in Kaliakoir road accident,"Kaliakoir, Bangladesh","Kaliakoir aminbazar link road, সাভার, সাভার উপজেলা, ঢাকা জেলা, ঢাকা বিভাগ, 1340, বাংলাদেশ",23.8467089,90.2994142
2017-05-23,3 killed as microbus plunges into roadside ditch in Chittagong,"Chittagong, Bangladesh","চট্টগ্রাম, চট্টগ্রাম জেলা, চট্টগ্রাম বিভাগ, 4000, বাংলাদেশ",22.3364709,91.8260479
2017-05-07,Two killed in Dhaka road accident,"Dhaka, Bangladesh","ঢাকা, Chanpara Bazar, ঢাকা জেলা, ঢাকা বিভাগ, 1230, বাংলাদেশ",23.810651,90.4126466
2017-04-22,Rickshaw puller killed in Dhanmondi road accident,"Dhanmondi, Bangladesh","Eastern University,Bangladesh(Campus 1), House 15/2, Dhanmondi Road 3, ধানমন্ডি আ/এ, ঢাকা, ঢাকা জেলা, ঢাকা বিভাগ, 1205, বাংলাদেশ",23.7400733,90.3812449
2017-04-16,Road accidents kill five in Sirajganj,"Sirajganj, Bangladesh","সিরাজগঞ্জ, সিরাজগঞ্জ জেলা, রাজশাহী বিভাগ, 6700, বাংলাদেশ",24.4566253,89.7081281
2017-03-25,5 from one family among 10 killed in Mymensingh lorry crash,"Mymensingh, Bangladesh","ময়মনসিংহ বিভাগ, বাংলাদেশ",24.8386014,90.41126950462677
2017-03-24,"1 killed, 2 injured in Narayanganj road accident","Narayanganj, Bangladesh","নারায়ণগঞ্জ, নারায়নগঞ্জ জেলা, ঢাকা বিভাগ, 1400, বাংলাদেশ",23.6238108,90.4999662
2017-03-22,Two killed in a Tangail road accident,"Tangail, Bangladesh","টাঙ্গাইল, টাঙ্গাইল জেলা, ঢাকা বিভাগ, 1900, বাংলাদেশ",24.2507265,89.9149441
2017-03-19,"Accidents kill 4 in Kushtia, Jamalpur","Kushtia, Bangladesh","কুষ্টিয়া, Shonar Bangla Road, কুষ্টিয়া জেলা, খুলনা বিভাগ, 07000, বাংলাদেশ",23.8987955,89.1295536
2017-03-11,Biker killed during police chase in Comilla,"Comilla, Bangladesh","কুমিল্লা, কুমিল্লা জেলা, চট্টগ্রাম বিভাগ, 3500, বাংলাদেশ",23.4610615,91.1808748
2017-03-08,Van carrying 24 prisoners overturns in Tejgaon,"Tejgaon, Bangladesh","B A F Shaheen College, Tejgaon, Dhaka, বীর উত্তম জিয়াউর রহমান সড়ক, মহাখালী, নিকেতন, ঢাকা, ঢাকা জেলা, ঢাকা বিভাগ, 1230, বাংলাদেশ",23.7769318,90.39085277802562
2017-03-03,"3 killed, 25 injured in Rangpur road accident","Rangpur, Bangladesh","রংপুর, রংপুর জেলা, 5400, বাংলাদেশ",25.7569808,89.241459
2017-02-27,Four killed as microbus overturns in Cox’s Bazar,"Cox's Bazar, Bangladesh","কক্সবাজার জেলা, চট্টগ্রাম বিভাগ, বাংলাদেশ",21.16587175,92.03996424949702
2017-02-22,Hotelier killed in Dhaka road crash,"Dhaka, Bangladesh","ঢাকা, Chanpara Bazar, ঢাকা জেলা, ঢাকা বিভাগ, 1230, বাংলাদেশ",23.810651,90.4126466
2017-02-22,Three killed in Chittagong road accident,"Chittagong, Bangladesh","চট্টগ্রাম, চট্টগ্রাম জেলা, চট্টগ্রাম বিভাগ, 4000, বাংলাদেশ",22.3364709,91.8260479
2017-02-13,4 killed in Magura road accident,"Magura, Bangladesh","মাগুরা, মাগুরা জেলা, খুলনা বিভাগ, বাংলাদেশ",23.488333,89.42
2017-02-11,13 dead in bus cylinder blast in Faridpur,"Faridpur, Bangladesh","ফরিদপুর, ফরিদপুর জেলা, ঢাকা বিভাগ, বাংলাদেশ",23.6040182,89.8415542
2017-02-11,Biker killed in Dhaka road accident,"Dhaka, Bangladesh","ঢাকা, Chanpara Bazar, ঢাকা জেলা, ঢাকা বিভাগ, 1230, বাংলাদেশ",23.810651,90.4126466
2017-02-09,4 killed in Narayanganj road accident,"Narayanganj, Bangladesh","নারায়ণগঞ্জ, নারায়নগঞ্জ জেলা, ঢাকা বিভাগ, 1400, বাংলাদেশ",23.6238108,90.4999662
2017-02-08,Bangladesh Bank official killed in Dhaka road accident,"Dhaka, Bangladesh","ঢাকা, Chanpara Bazar, ঢাকা জেলা, ঢাকা বিভাগ, 1230, বাংলাদেশ",23.810651,90.4126466
2017-02-07,Police constable killed in Cox’s Bazar road crash,"Cox's Bazar, Bangladesh","কক্সবাজার জেলা, চট্টগ্রাম বিভাগ, বাংলাদেশ",21.16587175,92.03996424949702
2017-02-04,Two AL leaders killed in Natore road mishap,"Natore, Bangladesh","chakrampur,Natore,Bangladesh, N/A, N502, নাটোর, নাটোর জেলা, রাজশাহী বিভাগ, 6400, বাংলাদেশ",24.4111297,88.9973561
2017-02-03,4 killed in Ashulia road mishap,"Ashulia, Bangladesh","আশুলিয়া, সাভার, সাভার উপজেলা, ঢাকা জেলা, ঢাকা বিভাগ, 1341, বাংলাদেশ",23.9005799,90.3255674
2017-02-02,3 bike riders killed in Chittagong road accident,"Chittagong, Bangladesh","চট্টগ্রাম, চট্টগ্রাম জেলা, চট্টগ্রাম বিভাগ, 4000, বাংলাদেশ",22.3364709,91.8260479
2016-11-29,"One killed, 25 injured in Kushtia road accident","Kushtia, Bangladesh","কুষ্টিয়া, Shonar Bangla Road, কুষ্টিয়া জেলা, খুলনা বিভাগ, 07000, বাংলাদেশ",23.8987955,89.1295536
2016-11-04,"Mother, son among 4 killed in Khulna road accident","Khulna, Bangladesh","খুলনা বিভাগ, বাংলাদেশ",22.9372087,89.2852741
2016-10-24,Traffic police killed in Rajshahi road accident,"Rajshahi, Bangladesh","রাজশাহী বিভাগ, বাংলাদেশ",24.4611511,88.6888703
2016-10-21,Two killed in Munshiganj road accident,"Munshiganj, Bangladesh","মুন্সিগঞ্জ জেলা, ঢাকা বিভাগ, বাংলাদেশ",23.5483797,90.5349722
2016-10-17,2 killed in Faridpur road accident,"Faridpur, Bangladesh","ফরিদপুর, ফরিদপুর জেলা, ঢাকা বিভাগ, বাংলাদেশ",23.6040182,89.8415542
2016-09-27,Speeding truck kills three men in Brahmanbaria,"Brahmanbaria, Bangladesh","ব্রাহ্মণবাড়িয়া জেলা, চট্টগ্রাম বিভাগ, বাংলাদেশ",23.96059985,91.11908934668182
2016-09-26,5 killed in Chittagong road crash,"Chittagong, Bangladesh","চট্টগ্রাম, চট্টগ্রাম জেলা, চট্টগ্রাম বিভাগ, 4000, বাংলাদেশ",22.3364709,91.8260479
2016-09-22,Couple killed as bus rams into house in Rajshahi,"Rajshahi, Bangladesh","রাজশাহী বিভাগ, বাংলাদেশ",24.4611511,88.6888703
2016-09-21,4 killed in Munshiganj road accident,"Munshiganj, Bangladesh","মুন্সিগঞ্জ জেলা, ঢাকা বিভাগ, বাংলাদেশ",23.5483797,90.5349722
2016-09-19,Six die as car plunges into ditch in Comilla,"Comilla, Bangladesh","কুমিল্লা, কুমিল্লা জেলা, চট্টগ্রাম বিভাগ, 3500, বাংলাদেশ",23.4610615,91.1808748
2016-09-18,Seven killed in Tangail road accidents,"Tangail, Bangladesh","টাঙ্গাইল, টাঙ্গাইল জেলা, ঢাকা বিভাগ, 1900, বাংলাদেশ",24.2507265,89.9149441
2016-09-16,"5 killed, 21 injured in Tangail road accident","Tangail, Bangladesh","টাঙ্গাইল, টাঙ্গাইল জেলা, ঢাকা বিভাগ, 1900, বাংলাদেশ",24.2507265,89.9149441
2016-09-16,Child among 4 killed in Dinajpur bus accident,"Dinajpur, Bangladesh","দিনাজপুর, দিনাজপুর জেলা, 5216, বাংলাদেশ",25.6260712,88.6346228
2016-09-14,Elderly couple killed in Dhaka road accident,"Dhaka, Bangladesh","ঢাকা, Chanpara Bazar, ঢাকা জেলা, ঢাকা বিভাগ, 1230, বাংলাদেশ",23.810651,90.4126466
2016-09-14,Four home goers killed in Rangpur accident,"Rangpur, Bangladesh","রংপুর, রংপুর জেলা, 5400, বাংলাদেশ",25.7569808,89.241459
2016-09-12,Two dead after truck overturns in Tangail,"Tangail, Bangladesh","টাঙ্গাইল, টাঙ্গাইল জেলা, ঢাকা বিভাগ, 1900, বাংলাদেশ",24.2507265,89.9149441
2016-09-11,Road crashes kill 4 in Gazipur,"Gazipur, Bangladesh","গাজীপুর, গাজীপুর জেলা, ঢাকা বিভাগ, 1701, বাংলাদেশ",23.9980797,90.4229848
2016-09-07,Two killed in Sirajganj road accident,"Sirajganj, Bangladesh","সিরাজগঞ্জ, সিরাজগঞ্জ জেলা, রাজশাহী বিভাগ, 6700, বাংলাদেশ",24.4566253,89.7081281
2016-09-06,"One dead, 35 injured in Tangail accident","Tangail, Bangladesh","টাঙ্গাইল, টাঙ্গাইল জেলা, ঢাকা বিভাগ, 1900, বাংলাদেশ",24.2507265,89.9149441
2016-08-26,2 killed in Tangail road accident,"Tangail, Bangladesh","টাঙ্গাইল, টাঙ্গাইল জেলা, ঢাকা বিভাগ, 1900, বাংলাদেশ",24.2507265,89.9149441
2016-08-15,Road accident kills 1 in Natore,"Natore, Bangladesh","chakrampur,Natore,Bangladesh, N/A, N502, নাটোর, নাটোর জেলা, রাজশাহী বিভাগ, 6400, বাংলাদেশ",24.4111297,88.9973561
2016-08-04,Traffic constable crushed under truck in Ctg,"Chittagong, Bangladesh","চট্টগ্রাম, চট্টগ্রাম জেলা, চট্টগ্রাম বিভাগ, 4000, বাংলাদেশ",22.3364709,91.8260479
2016-07-16,Four die in Manikganj road accident,"Manikganj, Bangladesh","মানিকগঞ্জ জেলা, ঢাকা বিভাগ, বাংলাদেশ",23.871163,89.9987833
2016-06-25,Foreigners among 25 injured in Ctg road accident,"Chittagong, Bangladesh","চট্টগ্রাম, চট্টগ্রাম জেলা, চট্টগ্রাম বিভাগ, 4000, বাংলাদেশ",22.3364709,91.8260479
