,Accident date,Header,Deaths,Injured
0,2021-06-27,Four people killed in Jashore road accident,4.0,1.0
1,2021-06-23,Three killed in  Mymensingh road accident,3.0,0.0
2,2021-06-19,2 killed in Fatullah road accident,2.0,0.0
3,2021-06-18,"7 killed in three road accidents in Chattogram, Rangamati",7.0,22.0
7,2021-06-11,ASI killed in Chattogram road accident,1.0,0.0
8,2021-05-16,Mother-son killed in Sylhet road accident,2.0,7.0
9,2021-05-12,"RAB member, another killed in Gazipur road accident",2.0,6.0
10,2021-05-10,3 killed in Chattogram road accident,3.0,2.0
11,2021-05-03,Road accident kills two workers in Noakhali,2.0,2.0
12,2021-05-04,Couple killed in Meherpur road accident,2.0,5.0
13,2021-04-30,"4 killed, 7 injured in Rangpur road accident",4.0,7.0
14,2021-03-14,"One killed, 3 injured in Panchagarh road accident",1.0,3.0
15,2021-03-13,Two musicians killed in Chattogram road accident,2.0,5.0
16,2021-03-10,One killed in Panchagarh road accident,1.0,0.0
17,2021-02-15,Road accident kills one in Narail,1.0,0.0
18,2021-02-14,Two killed in Sylhet road accident,2.0,0.0
19,2021-02-12,Two killed in Rangpur road accident,2.0,0.0
20,2021-02-11,3 killed in Cox’s Bazar road accident,3.0,5.0
21,2021-02-08,"2 killed, 30 injured in Chandpur road accident",2.0,30.0
22,2021-02-03,Two killed in Jashore road accident,2.0,2.0
23,2021-01-31,4 killed in Sherpur road accident,4.0,2.0
24,2021-01-25,2 killed in Hili road accident,2.0,0.0
25,2021-01-23,One killed in Jashore road accident,1.0,0.0
26,2021-01-21,Woman killed in Meherpur road accident,1.0,1.0
27,2021-01-21,3 killed in Bandarban road accident,3.0,5.0
28,2021-01-18,Road accident kills couple in city,2.0,0.0
29,2021-01-03,7 killed in Mymensingh road accident,7.0,0.0
30,2021-01-01,Four killed in Narsingdi road accident,4.0,1.0
31,2021-06-03,4 sustain burns in Savar factory accident,4.0,0.0
32,2021-04-05,21 policemen injured in Brahmanbaria accident,0.0,21.0
33,2021-03-16,Police officer killed in Feni bike accident,1.0,1.0
34,2021-01-16,35pc of accidents are on motorbikes,0.0,26.0
35,2021-06-27,2 killed in Sitakunda road crashes,0.0,1.0
37,2021-06-26,Road crash claims two in Gulshan,2.0,2.0
38,2021-06-25,Two Ansar men killed in Jashore road crash,0.0,2.0
39,2021-06-24,"Truck driver, helper killed in Naogaon road crash",2.0,0.0
40,2021-06-22,Mango trader killed in road crash,1.0,3.0
41,2021-06-20,2 motorcyclists killed in Chattogram road crash,2.0,3.0
42,2021-06-19,"Couple, new born granddaughter killed in Bogura road crash",3.0,3.0
43,2021-06-18,"Dhaka road crash kills mother, injures daughter",1.0,1.0
44,2021-06-09,2 die in Panchagarh road crash,2.0,1.0
45,2021-06-04,Two bikers killed in Naogaon road crash,2.0,0.0
46,2021-06-04,2 killed in Gopalganj road crash,2.0,3.0
47,2021-06-03,"2 killed, 6 hurt in Thakurgaon road crash",2.0,6.0
48,2021-06-03,Teen killed in Gazipur road crash,1.0,1.0
49,2021-05-26,Road crash kills three in Bhola,3.0,5.0
50,2021-05-21,Road crash claims two lives in Brahmanbaria,2.0,3.0
51,2021-05-18,"Husband, wife among three killed in road crash",3.0,4.0
52,2021-05-19,Youth killed in Naogaon road crash,1.0,0.0
53,2021-05-17,Road crash kills three of a family in Mymensingh,3.0,1.0
54,2021-05-15,3 dead in Chapainawabganj road crash,3.0,7.0
55,2021-05-09,Child killed in Satkhira road crash,1.0,0.0
56,2021-05-03,Road crash leaves three dead in Sylhet,3.0,0.0
57,2021-05-02,ASI killed in Bhola road crash,1.0,0.0
58,2021-05-02,Five killed in Sylhet road crash,4.0,1.0
59,2021-04-28,3 killed in Jhenaidah road crash,3.0,4.0
60,2021-04-26,1 killed in Sylhet road crash,1.0,0.0
61,2021-04-24,2 motorcyclists killed in Natore road crash,2.0,1.0
62,2021-04-18,Pabna road crash leaves 3 dead,3.0,6.0
63,2021-04-17,"2 killed, 10 injured in Satkhira road crash",2.0,10.0
64,2021-04-12,Freedom Fighter killed in Khulna road crash,1.0,0.0
65,2021-04-05,Rajshahi road crash leaves 2 dead,2.0,0.0
66,2021-04-04,4 killed in Nawabganj road crash,4.0,0.0
67,2021-04-03,"Wife killed, husband injured in city road crash",1.0,1.0
68,2021-04-02,"Father, daughter killed in Pabna road crash",2.0,1.0
69,2021-03-31,3 killed in Sylhet road crash,3.0,0.0
70,2021-03-28,2 killed in Chuadanga road crash,2.0,0.0
71,2021-03-26,17 killed in Rajshahi road crash,17.0,0.0
72,2021-03-25,4 killed in Chattogram road crash,4.0,3.0
73,2021-03-22,Chattogram road crash kills 2,2.0,2.0
74,2021-03-22,2 killed in Chattogram road crash,2.0,0.0
75,2021-03-21,8 killed in separate road crashes in Faridpur,6.0,14.0
77,2021-03-20,2 killed in Chattogram road crash,2.0,0.0
78,2021-03-20,4 killed in Bogura road crash,4.0,10.0
79,2021-03-19,Sirajganj road crash kills 3 auto-rickshaw passengers,3.0,0.0
80,2021-03-03,3 killed in Cox’s Bazar road crash,2.0,0.0
131,2021-06-26,Two labourers killed in Dhaka road accident,2.0,2.0
132,2021-06-23,Three killed in Muktagacha road accident,3.0,0.0
133,2021-06-19,Truck-pickup van collision leaves 3 dead in Narsingdi,3.0,0.0
134,2021-06-19,"Couple, infant grandson killed in Bogra bus-auto-rickshaw collision",3.0,0.0
135,2021-06-19,Policeman killed in Dhaka road accident,1.0,0.0
136,2021-06-18,3 killed in bus-car collision in Comilla,3.0,0.0
137,2021-06-16,"6 die in road accidents in Dhaka, Gazipur",6.0,0.0
138,2021-06-13,Road accidents claim 5 lives in 3 districts,5.0,0.0
139,2021-06-13,Bus-tractor collision kills 2 on Bangabandhu Bridge,2.0,0.0
140,2021-06-13,"1 killed, 5 injured in Banani road crash",1.0,0.0
141,2021-06-05,Two motorcyclists killed in Naogaon road accident,2.0,0.0
142,2021-06-03,Road accidents claim 9 lives across Bangladesh,9.0,0.0
143,2021-05-28,Three killed in Bhola road accident,3.0,0.0
144,2021-05-22,One killed in Tangail road crash,1.0,0.0
145,2021-05-21,Road accidents kill 4 in 3 districts,4.0,0.0
146,2021-05-21,"Driver, assistant killed in pickup van-microbus collision in Brahmanbaria",2.0,0.0
147,2021-05-21,Youth killed in road crash while escorting cousin's body back home,1.0,0.0
148,2021-05-21,"Truck driver injured, assistant killed in Rajshahi road crash",1.0,0.0
149,2021-05-20,3 killed in Brahmanbaria road crash,3.0,0.0
150,2021-05-19,15 killed in road accidents across Bangladesh,15.0,0.0
151,2021-05-17,"Mother killed, son injured in Gulshan road accident",1.0,0.0
152,2021-05-17,OP-ED: A case for 30kmh,0.0,0.0
153,2021-05-15,"4 killed in road accidents in Tangail, Chapainawabganj",4.0,0.0
154,2021-05-15,Premium Sweets owner among 3 dead in Canada road crash,3.0,0.0
155,2021-05-12,Road crashes kill 10 across Bangladesh,10.0,0.0
156,2021-05-10,3 killed in Chittagong road accident,3.0,0.0
157,2021-05-08,"4 killed in road accidents in Rajshahi, Natore",4.0,0.0
158,2021-05-06,4 killed in road accidents across Bangladesh,4.0,0.0
159,2021-05-03,Road accident kills three in Sylhet,3.0,0.0
160,2021-05-02,Policewoman on bike killed in road accident,1.0,0.0
161,2021-05-01,Road crashes kill 8 in 6 districts,8.0,0.0
162,2021-05-01,Road crashes kill 2 in Dhaka,2.0,0.0
163,2021-04-29,Road crash kills man out to buy medicine,1.0,0.0
164,2021-04-20,3 killed in Comilla road accident,3.0,0.0
165,2021-04-19,3 Bangladeshis die in Oman road accident,3.0,0.0
166,2021-04-14,22 killed in road accident in Egypt,22.0,0.0
167,2021-04-13,3 including child killed in Comilla road accident,3.0,0.0
168,2021-04-07,"4 killed in road accident in Dhaka, Rajshahi",4.0,0.0
169,2021-04-05,21 cops injured in Brahmanbaria road accident,0.0,0.0
170,2021-03-31,3 die in Sylhet road accident,3.0,0.0
171,2021-03-31,4 killed in Chittagong road crash,4.0,0.0
172,2021-03-30,Dhaka-Khulna Highway turns into death trap,0.0,0.0
173,2021-03-28,"8 killed, 3 injured in road accidents",8.0,0.0
174,2021-03-26,Bus-microbus collision leaves 17 dead in Rajshahi,17.0,0.0
175,2021-03-26,1 killed in Narsingdi road accident,1.0,0.0
176,2021-03-21,8 killed in Faridpur road crashes,8.0,0.0
177,2021-03-20,"4 killed, 9 injured in Bogra road accident",4.0,0.0
178,2021-03-15,Driver arrested over two musicians’ death in road accident,2.0,0.0
179,2021-03-13,Lorry-microbus collision kills two musicians in Chittagong,2.0,0.0
180,2021-03-12,Bus-easybike collision kills two in Jessore,2.0,0.0
181,2021-03-12,"Garment workers vandalize, torch vehicles in Ashulia as road accident kills one",1.0,0.0
182,2021-03-08,No respite from road accidents on Sylhet-Dhaka Highway,0.0,0.0
183,2021-03-07,3 killed as truck runs over pedestrians in Cox's Bazar,3.0,0.0
184,2021-03-06,"6 killed, 5 injured in road accidents",6.0,0.0
185,2021-03-05,One killed in road accident in Narail,1.0,0.0
186,2021-03-02,"13 dead after SUV, truck collide in California",13.0,0.0
187,2021-02-27,"2 dead, 10 injured in head on collision in Cox's Bazar",2.0,0.0
188,2021-02-26,Road accidents claim 24 lives across Bangladesh,24.0,0.0
189,2021-02-23,2 killed in Chapainawabganj road accident,2.0,0.0
190,2021-02-23,"6 killed, 23 injured in bus-truck collisions in Sirajganj, Rajshahi",6.0,0.0
191,2021-02-22,Bus-truck collision leaves 2 dead in Chittagong,2.0,0.0
192,2021-02-21,"6 killed, multiple injured as bus, truck collide head-on in Bogra",6.0,0.0
193,2021-02-19,Two motorcyclists killed in Rangpur road accident,2.0,0.0
194,2021-02-19,3 Bangladeshi students killed in Canada road crash,3.0,0.0
195,2021-02-18,Child run over by car after falling out of rickshaw,1.0,0.0
196,2021-02-10,"11 killed, multiple injured in tragic bus-truck collision in Jhenaidah",11.0,0.0
197,2021-02-10,4 killed in Teknaf road accident,4.0,0.0
198,2021-02-09,Bus driver’s assistant dies in Dhaka,1.0,0.0
199,2021-02-06,"Father, daughter killed as truck ploughs into Pabna house",2.0,0.0
200,2021-02-05,Bus runs over 3 people on Dhaka-Chittagong Highway,3.0,0.0
201,2021-02-04,Train rams car in Narayanganj,0.0,0.0
202,2021-02-03,32 killed in road pile-up in Uganda,32.0,0.0
203,2021-01-28,10-year-old boy killed in Dhaka road accident,1.0,0.0
204,2021-01-21,3 die as car falls into ditch in Bandarban,3.0,0.0
205,2021-01-20,One killed in Dhaka road accident,1.0,0.0
206,2021-01-19,Policeman dies in road accident in Dhaka,1.0,0.0
207,2021-01-13,"6 killed, 4 injured in Jhenaidah road accident",6.0,4.0
208,2021-01-06,Man killed in Dhaka road accident,1.0,0.0
209,2021-01-03,Bus-autorickshaw collision kills 7 in Mymensingh,7.0,0.0
210,2021-01-01,Road accidents claim 11 lives across the country,11.0,0.0
211,2020-12-30,Road crash kills 4 in Sylhet,4.0,0.0
212,2020-12-29,Police charge BB official in mountaineer Ratna hit-and-run case,0.0,0.0
213,2020-12-23,Woman knocked down by car in Dhaka,1.0,0.0
214,2020-12-08,5 killed in Tangail road accident,5.0,0.0
215,2020-12-08,25 killed in road accidents,25.0,0.0
216,2020-12-07,3 of a family among 8 killed in Habiganj bus-autorickshaw collision,8.0,0.0
217,2020-12-04,6 killed in Tangail road accident,6.0,0.0
218,2020-12-01,3 killed in Chandpur road accident,3.0,0.0
219,2020-11-23,Bangladeshi student killed in Australia road accident,0.0,0.0
220,2020-11-22,3 killed in Bogra road accident,3.0,0.0
221,2020-11-19,9 killed in Chapainawabganj road accident,9.0,0.0
222,2020-11-16,Brothers among three killed in Chapainawabganj road accident,3.0,0.0
223,2020-11-11,Woman killed in Dhaka road accident,1.0,0.0
224,2020-11-03,5 killed in truck-ambulance collision in Kushtia,5.0,0.0
225,2020-11-02,Three killed in Chandpur road accident,3.0,0.0
226,2020-10-26,4 killed in Cox’s Bazar road crash,4.0,0.0
227,2020-10-16,"Boy killed in Dhaka road accident, locals stage demonstrations",1.0,0.0
228,2020-10-12,"Mother killed, daughter injured, in Dhaka road accident",1.0,1.0
229,2020-10-08,4 killed in separate road accidents in Khulna,4.0,0.0
230,2020-10-08,Road accidents kill 2 in Dhaka,2.0,0.0
231,2020-10-02,Intern doctor killed in Sirajganj road accident,1.0,0.0
232,2020-09-22,"Woman, her son killed in Gopalganj road crash",2.0,0.0
233,2020-09-21,"Woman, daughter killed in Comilla road accident",2.0,0.0
234,2020-09-21,"PIB director killed, one injured in Dhaka road crash",1.0,1.0
235,2020-09-18,"4 killed, 20 injured in Magura road crash",4.0,20.0
236,2020-09-16,Panchagarh jail guards killed in road crash,5.0,0.0
237,2020-09-11,Couple among 5 killed in road accidents,5.0,0.0
238,2020-09-09,4 of a family among 6 killed in Barisal road accident,6.0,0.0
239,2020-09-07,Four killed in Habiganj road accident,4.0,0.0
240,2020-08-30,DU student among 3 killed in Cox’s Bazar road accident,3.0,0.0
241,2020-08-29,5 killed in Sylhet road crash,5.0,0.0
242,2020-08-21,4 of a family killed in Tangail road crash,4.0,0.0
243,2020-08-20,2 Bangladeshis among 3 killed in New York road accident,2.0,0.0
244,2020-08-19,1 killed in collision between bus and motorcycle in Jatrabari,1.0,0.0
245,2020-08-18,Mountaineer Reshma hit-and-run: Killer microbus driver arrested,1.0,0.0
246,2020-08-14,Man killed in Dhaka road accident,1.0,0.0
247,2020-08-14,Sylhet road accident death toll reaches 6,6.0,0.0
248,2020-08-14,Four killed as bus collides with three-wheeler,4.0,0.0
249,2020-08-13,3 of a family among 4 killed in bus-car collision in Kurigram,3.0,0.0
250,2020-08-08,7 killed in Mymensingh road crash,7.0,0.0
251,2020-08-06,7 killed in road accidents,7.0,0.0
252,2020-08-03,7 killed in road crash in 3 districts,7.0,0.0
253,2020-08-02,2 killed in Comilla road accident,2.0,0.0
254,2020-08-02,ATN News official among 2 killed in Meherpur road crash,2.0,0.0
255,2020-07-29,Three killed in Chandpur road crash,3.0,0.0
256,2020-07-26,Road accidents claim 9 lives in 4 districts,9.0,0.0
257,2020-07-07,Three of a family killed in Comilla road accident,3.0,0.0
258,2020-07-04,"Four killed in Gazipur, Lakshmipur road crashes",4.0,0.0
259,2020-07-03,Three-wheeler driver killed in Jhenaidah road accident,1.0,0.0
260,2020-07-01,"Road accident kills 4, injures 6 in Rangpur",4.0,6.0
261,2020-06-28,3 killed as truck crashes into the divider on Tangail highway,3.0,0.0
262,2020-06-24,"Three passengers die after three-wheeler, truck collide in Thakurgaon",3.0,0.0
263,2020-06-24,Road accident claims two lives in Sirajganj,2.0,0.0
264,2020-06-23,2 killed as tree falls on motorcycle in Habiganj,2.0,0.0
265,2020-06-17,Three killed in Sirajganj road accident,3.0,0.0
266,2020-06-14,Three of a family among four killed in Rajbari road accident,4.0,0.0
267,2020-06-13,Road crash kills two BGB troopers in Rajshahi,0.0,0.0
268,2020-06-04,"2 killed, 1 injured in Banglamotor road accident",2.0,1.0
269,2020-06-01,"12 killed, 21 injured in road accident in Nepal",12.0,0.0
270,2020-05-28,Two students killed in motorbike crash in Dhaka,2.0,0.0
271,2020-05-22,3 die in Narayanganj road accident,3.0,0.0
272,2020-05-22,13 killed in Gaibandha road accident,12.0,0.0
273,2020-05-19,"12 killed, 22 injured in road accidents",12.0,22.0
274,2020-05-11,Agriculture officer killed in Habiganj road crash,1.0,0.0
275,2020-05-03,Road crashes claim 211 lives in April despite lockdown,211.0,0.0
276,2020-04-28,"Two farm workers killed, four injured in Bogra road accident",2.0,0.0
277,2020-04-24,Four killed in road accidents,4.0,0.0
278,2020-04-20,Coronavirus: 10 people killed each day in road accidents amid shutdown,10.0,0.0
279,2020-04-16,"1 soldier killed, 21 injured as army truck crashes in Dhaka",1.0,21.0
280,2020-04-01,Two killed in Mymensingh road accident,2.0,0.0
281,2020-03-28,7 killed in road accidents,7.0,0.0
282,2020-03-25,Woman killed in Savar road accident,1.0,0.0
283,2020-03-25,18 killed in road accidents in 7 districts,18.0,0.0
284,2020-03-22,Chittagong road accident: Death toll rises to 15,15.0,0.0
285,2020-03-21,12 killed in Chittagong road accident,12.0,0.0
286,2020-03-20,Road accidents claim 11 lives,11.0,0.0
287,2020-03-18,Policeman crushed under wheels of a bus,1.0,0.0
288,2020-03-15,8 killed in road accidents,8.0,0.0
289,2020-03-14,Eight killed in road accidents,8.0,0.0
290,2020-03-13,13 killed in road accidents,13.0,0.0
291,2020-03-10,Road crashes kill 4 across the country,4.0,0.0
292,2020-03-09,Tangail road crash kills 6,6.0,0.0
293,2020-03-07,5 killed in road crashes,5.0,0.0
294,2020-03-06,10 people killed as microbus rams into tree in Habiganj,10.0,0.0
295,2020-03-06,DU student killed in city road accident,1.0,0.0
296,2020-03-06,Road accidents kill 21 in 5 districts,21.0,0.0
297,2020-03-01,2 killed in Jessore road accident,2.0,0.0
298,2020-02-29,Road accidents claim 21 lives,21.0,0.0
299,2020-02-26,5 killed in Dhaka road accidents,5.0,0.0
300,2020-02-26,4 killed in Dhaka road accidents,4.0,0.0
301,2020-02-25,11 killed in road crashes,11.0,0.0
302,2020-02-24,4 killed in road accidents in Dhaka,4.0,0.0
303,2020-02-23,18 injured as private car ploughs through crowd in Kurmitola,0.0,18.0
304,2020-02-22,10 killed in road accidents,10.0,0.0
305,2020-02-19,10 killed in road accidents,10.0,0.0
306,2020-02-16,10 killed in road crashes,10.0,0.0
307,2020-02-15,Mymensingh divisional commissioner injured in Gazipur road accident,0.0,1.0
308,2020-02-15,7 killed in road accidents,7.0,0.0
309,2020-02-13,15 CU students injured in road accident,15.0,0.0
310,2020-02-08,"6 killed in Comilla, Cox's Bazar road accidents",6.0,0.0
311,2020-02-04,6 killed in road crashes,6.0,0.0
312,2020-02-04,1 killed in Dhaka road accident,1.0,0.0
313,2020-01-31,7 killed in road accidents,7.0,0.0
314,2020-01-29,3 killed in Dinajpur road accident,3.0,0.0
315,2020-01-28,Bus race kills motorcyclist in Dhaka,1.0,0.0
316,2020-01-28,1 killed in Dhaka road accident,1.0,0.0
317,2020-01-28,"4 killed in Moulvibazar, Habiganj road accidents",4.0,0.0
318,2020-01-27,SSC examinee dies after being run over by Wasa’s tanker,1.0,0.0
319,2020-01-26,2 killed in Mymensingh road accident,2.0,0.0
320,2020-01-25,8 killed in road accidents,8.0,0.0
321,2020-01-24,7 killed in road accidents in 4 districts,7.0,0.0
322,2020-01-20,Road accident kills elderly woman,1.0,0.0
323,2020-01-18,3 of a family killed in Jessore road accident,3.0,0.0
324,2020-01-18,6 killed in road accidents,6.0,0.0
325,2020-01-17,3 killed in Chittagong road accident,3.0,0.0
326,2020-01-17,4 killed in Dhaka road accidents,4.0,0.0
327,2020-01-16,Homecoming turns tragic for Bangladesh-origin USA man,1.0,0.0
328,2020-01-14,2 killed in Dhaka road accidents,2.0,0.0
329,2020-01-12,Nine killed in road accidents,9.0,0.0
330,2020-01-06,Family of 4 killed in Faridpur road accident,4.0,0.0
331,2020-01-04,4 killed in road accidents,4.0,0.0
332,2020-01-03,5 killed in road accidents in 3 districts,5.0,0.0
333,2020-01-02,Road accidents kill 6 in 2 districts,6.0,0.0
334,2020-01-01,Youth killed in Dhaka road accident,1.0,0.0
335,2019-12-29,"2 killed, 1 injured in road accidents",2.0,1.0
336,2019-12-28,Pleasure trip turns into tragedy,0.0,0.0
337,2019-12-27,Chittagong Wasa engineer killed in road crash,1.0,0.0
338,2019-12-24,4 of a family among 5 killed in Kushtia road crash,5.0,0.0
339,2019-12-24,11 killed in road crashes across country,11.0,0.0
340,2019-12-21,Five killed in road accidents,5.0,0.0
341,2019-12-20,DMCH staff killed in Dhaka road accident,1.0,0.0
342,2019-12-19,18 killed in road accidents in 9 districts,18.0,0.0
343,2019-12-15,9 killed in road accidents in the last two days,9.0,0.0
344,2019-12-15,"‘My mother is dying, please save her’",1.0,0.0
345,2019-12-13,Truck kills college student in Demra,1.0,0.0
346,2019-12-06,Three of a family killed in Tangail road accident,3.0,0.0
347,2019-12-04,Man killed in Dhaka road accident,1.0,0.0
348,2019-12-03,7 killed in road accidents,7.0,0.0
349,2019-11-29,Bangla Vision staff killed in road accident,1.0,0.0
350,2019-11-26,3 killed in Faridpur road accident,3.0,0.0
351,2019-11-23,Police: Negligence of bus driver caused Munshiganj road accident,0.0,0.0
352,2019-11-22,9 killed in Munshiganj road accident,9.0,0.0
353,2019-11-20,Police constable killed in Comilla road accident,1.0,0.0
354,2019-11-19,6 killed in road accidents in 2 districts,6.0,0.0
355,2019-11-17,8-year-old boy killed in Mirpur road crash,1.0,0.0
356,2019-11-13,Bus runs over 6-yr-old in Jatrabari,1.0,0.0
357,2019-11-12,7 killed in road accidents across Bangladesh,7.0,0.0
358,2019-11-12,Woman dies after being run over by bus in Dhaka,1.0,0.0
359,2019-11-08,13 injured as bus falls into pond in Noakhali,0.0,13.0
360,2019-11-08,Road accidents claim 12 lives across country,12.0,0.0
361,2019-11-06,Army personnel killed in Chittagong road crash,1.0,0.0
362,2019-10-31,Youth killed in Paltan road accident,1.0,0.0
363,2019-10-28,5 killed in road accidents in 4 districts,5.0,0.0
364,2019-10-28,2 killed in Rangpur road accident,2.0,0.0
365,2019-10-25,"4 killed, 26 injured in road accidents",4.0,0.0
366,2019-10-22,6 killed in road accidents in 5 districts,6.0,0.0
367,2019-10-20,1 killed in Dhaka road accident,1.0,0.0
368,2019-10-19,6 killed in road accidents in 4 districts,6.0,0.0
369,2019-10-18,7 killed in road accidents,7.0,0.0
370,2019-10-17,Child crushed under easy-bike in Dhaka,1.0,0.0
371,2019-10-16,"Bus-truck collision kills 1, injures 3 in Sirajganj",1.0,3.0
372,2019-10-13,"2 die, one injured in Dhaka road crashes",2.0,1.0
373,2019-10-12,9 killed in road accidents,9.0,0.0
374,2019-10-06,College student killed in Pirojpur road accident,1.0,0.0
375,2019-10-06,Autorickshaw-train collision kills 6-year-old,1.0,0.0
376,2019-10-05,"4 killed in road accidents in Jessore, Dinajpur and Nilphamari",4.0,0.0
377,2019-10-04,Eight killed in road accidents,8.0,0.0
378,2019-10-03,RAB official killed in Dhaka road accident,1.0,0.0
379,2019-10-02,Fire service officer killed in road accident,1.0,0.0
380,2019-10-02,"1 killed, at least 60 injured in road accidents in 2 districts",1.0,60.0
381,2019-09-29,Five killed in road accidents,5.0,0.0
382,2019-09-28,"2 killed in road accidents in Rangpur, Feni",2.0,0.0
383,2019-09-27,1 killed in Dhaka road accident,1.0,0.0
384,2019-09-24,"Reckless bus kills man, child in Jessore",2.0,0.0
385,2019-09-23,3 killed in Sherpur road accident,3.0,0.0
386,2019-09-21,4 Chinese tourists killed as bus crashes in Utah,4.0,0.0
387,2019-09-20,2 Bangladeshi siblings killed in Mozambique road accident,2.0,0.0
388,2019-09-17,Road accidents kill 4 in 3 districts,4.0,0.0
389,2019-09-16,3 killed in road accidents in 3 districts,3.0,0.0
390,2019-09-16,11 killed in road crashes,11.0,0.0
391,2019-09-14,2 dead in road accidents in 2 districts,2.0,0.0
392,2019-09-14,"2 killed, 23 injured in road accidents",2.0,23.0
393,2019-09-11,5 killed in road accidents in 3 districts,5.0,0.0
394,2019-09-08,"1 killed, another injured in Dhaka road accident",1.0,1.0
395,2019-09-06,Transport worker killed in Dhaka road accident,1.0,0.0
396,2019-09-05,Eight killed in road accidents,8.0,0.0
397,2019-09-02,Road accidents kill 8 in 6 districts,8.0,0.0
398,2019-09-02,ASI among 3 killed in Comilla road accident,3.0,0.0
399,2019-09-02,Bangla Motor bus accident: Driver did not have the right license to operate a bus,0.0,0.0
400,2019-09-01,1 killed in Dhaka road accident,1.0,0.0
401,2019-08-31,Motorcyclist killed in Malibagh road accident,1.0,0.0
402,2019-08-30,4 killed in road accidents,4.0,0.0
403,2019-08-29,2 killed in Ashulia road accident,2.0,0.0
404,2019-08-29,"‘The thing I feared the most, just happened to me’",0.0,0.0
405,2019-08-28,"4 killed in Dinajpur, Jhenaidah road accidents",4.0,0.0
406,2019-08-27,"3 killed in Dhaka, Gazipur road accidents",3.0,0.0
407,2019-08-25,Bus kills policeman in Bandarban,1.0,0.0
408,2019-08-25,Bangladeshi youth killed in Macedonia road accident,1.0,0.0
409,2019-08-24,Army sergeant killed in Bogra road accident,1.0,0.0
410,2019-08-24,11 killed in Faridpur road accidents,11.0,0.0
411,2019-08-23,2 die in separate road accidents in Dhaka,2.0,0.0
412,2019-08-22,"3 killed, 15 injured in Thakurgaon road accident",3.0,15.0
413,2019-08-22,1 killed in Habiganj road accident,1.0,0.0
414,2019-08-21,Child killed in Kurigram road accident,1.0,0.0
415,2019-08-20,2 killed in Comilla road accident,2.0,0.0
416,2019-08-18,15 killed in road accidents across Bangladesh,15.0,0.0
417,2019-08-17,4 killed in Narsingdi road accident,4.0,0.0
418,2019-08-16,4 of a family killed in Mymensingh road accident,4.0,0.0
419,2019-08-16,Schoolboy killed in Rajbari road accident,1.0,0.0
420,2019-08-15,19 killed in road accidents,19.0,0.0
421,2019-08-14,8 killed in road accidents in 5 districts,8.0,0.0
422,2019-08-11,Journo among 4 killed in road accidents in 3 districts,4.0,0.0
423,2019-08-08,Bus kills 2 motorcyclists on Sirajganj highway,2.0,0.0
424,2019-08-07,2 killed in Habiganj road accident,2.0,0.0
425,2019-08-04,Thakurgaon road accident: Death toll rises to 12,12.0,0.0
426,2019-08-01,Man run over by truck in Dhaka,1.0,0.0
427,2019-07-31,3 cattle traders killed in Comilla road accident,3.0,0.0
428,2019-07-30,"2 madrasa students killed, 9 injured in Barisal road accident",2.0,9.0
429,2019-07-29,6 killed in Gopalganj road crash,6.0,0.0
430,2019-07-28,4 killed in Noakhali road accident,4.0,0.0
431,2019-07-27,5 killed in road accidents in 2 districts,7.0,0.0
432,2019-07-25,Man dies in Bogra road accident,1.0,0.0
433,2019-07-24,Microbus-train collision injures 2,0.0,2.0
434,2019-07-24,3 killed in Narayanganj road accident,3.0,0.0
435,2019-07-23,Traffic sergeant killed in accident: Writ seeks Tk10cr compensation,1.0,0.0
436,2019-07-20,"3 killed in Faridpur, Bogra road accidents",3.0,0.0
437,2019-07-19,"3 killed in Tangail, B’baria road accidents",3.0,0.0
438,2019-07-16,Train-microbus collision: Death toll rises to 11,11.0,0.0
439,2019-07-15,7 killed in road accidents in three districts,7.0,0.0
440,2019-07-13,1 killed in Thakurgaon road accident,1.0,0.0
441,2019-07-13,"3 killed in Gaibandha, Bogra road accidents",3.0,0.0
442,2019-07-11,Road accidents kill 9 across country,9.0,0.0
443,2019-07-08,Probe report in case over Rajib’s death due on Aug 22,1.0,0.0
444,2019-07-08,1 killed in Narayanganj road accident,1.0,0.0
445,2019-07-08,2 killed as train hits truck in Gazipur,2.0,0.0
446,2019-07-07,Traffic police killed in Dhaka road accident,1.0,0.0
447,2019-07-06,Road accidents kill 3 in two districts,3.0,0.0
448,2019-07-06,Six killed in road accidents,6.0,0.0
449,2019-07-05,7 killed in road crashes across country,7.0,0.0
450,2019-07-02,Teenager killed in Dinajpur road accident,1.0,0.0
451,2019-07-02,13 killed in road accidents in 9 districts,13.0,0.0
452,2019-07-01,Mymensingh road accident kills 3,3.0,0.0
453,2019-07-01,11 killed in road accidents in 6 districts,11.0,0.0
454,2019-06-29,Rangpur road accident kills 3,3.0,0.0
455,2019-06-29,9 killed in road crashes in 4 districts,9.0,0.0
456,2019-06-28,"1 killed, 3 injured in Brahmanbaria road accident",1.0,0.0
457,2019-06-26,2 killed in Lamonirhat road accident,2.0,0.0
458,2019-06-26,6 killed in road accidents in 3 districts,6.0,0.0
459,2019-06-25,Five killed in road accidents in 4 districts,5.0,0.0
460,2019-06-25,11 killed in road accidents in 6 districts,11.0,0.0
461,2019-06-21,Natore road accident kills 3,3.0,0.0
462,2019-06-16,Rickshaw puller killed in Tejgaon road crash,1.0,0.0
463,2019-06-14,"1 killed, 32 injured in road accidents in 2 districts",1.0,32.0
464,2019-06-14,1 killed in Dhaka road accident,1.0,0.0
465,2019-06-12,1 killed in Dhaka road accident,1.0,0.0
466,2019-06-12,3 motorcyclists killed in Naogaon road accident,3.0,0.0
467,2019-06-10,Woman run over by bus in Jatrabari,1.0,0.0
468,2019-06-08,Road accidents claim 6 lives in 5 districts,6.0,0.0
469,2019-06-06,"4 killed, 20 injured in Faridpur road accident",4.0,0.0
470,2019-06-05,Bogra-Nagarbari highway sees 13 deaths in 48 hours,13.0,0.0
471,2019-06-03,Road accidents kill 19 in 6 districts,19.0,0.0
472,2019-06-02,8 killed in Sirajganj road accident,8.0,0.0
473,2019-06-02,6 killed in Sunamganj road accident,6.0,0.0
474,2019-06-02,Mother of two killed in Dhaka road accident,2.0,0.0
475,2019-06-01,7 killed in road accidents in 5 districts,7.0,0.0
476,2019-06-01,Teacher recruitment examinee killed in Rajbari road accident,1.0,0.0
477,2019-05-31,Teenage girl run over by bus in Dhaka,0.0,0.0
478,2019-05-30,3 killed in Chandpur road accidents,1.0,0.0
479,2019-05-29,BPM awarded Constable Parvez loses leg in road accident,0.0,1.0
480,2019-05-29,4 killed in crashes in 2 districts,4.0,0.0
481,2019-05-27,Six killed in separate road accidents,6.0,0.0
482,2019-05-25,Woman killed in Manikganj road accident,1.0,0.0
483,2019-05-25,One killed in road accident in Pabna,1.0,0.0
484,2019-05-24,Death of Rajib: Court orders probe report on July 8,1.0,0.0
485,2019-05-22,2 killed in Narsingdi road accident,2.0,0.0
486,2019-05-22,8 killed in road crashes across the country,8.0,0.0
487,2019-05-18,6 killed in Bagerhat road accident,6.0,0.0
488,2019-05-18,"Chapainawabganj road accident kills 3, injures 8",3.0,8.0
489,2019-05-15,Man killed in Jatrabari road accident,1.0,0.0
490,2019-05-11,"2 killed in Magura, Savar road accidents",2.0,0.0
491,2019-05-11,"2 killed in road accidents in Kushtia, Tangail",2.0,0.0
492,2019-05-10,11 killed in road accidents in 5 districts,11.0,0.0
493,2019-05-08,"3 killed, 15 injured in Noakhali road accident",3.0,0.0
494,2019-05-08,Road crash kills Grameen Bank official in Dhaka,1.0,0.0
495,2019-05-05,Seven killed in road accidents in four districts,7.0,0.0
496,2019-05-05,2 workers killed as truck overturns in Comilla,2.0,0.0
497,2019-05-05,3 killed in Bhola road accident,3.0,0.0
498,2019-05-05,"6 people killed in road accidents in Dhamrai, Rajbari",6.0,0.0
499,2019-05-02,9 killed in road accidents in 5 districts,9.0,0.0
500,2019-05-02,Road accidents kill 7 in 5 districts,7.0,0.0
501,2019-04-29,Driver arrested over Brac University student’s death,1.0,0.0
502,2019-04-28,5 dead in Chandpur road accident,5.0,0.0
503,2019-04-28,Fireman dies in Naogaon road accident,1.0,0.0
504,2019-04-26,4 killed as jeep ploughs into house in Chittagong,4.0,0.0
505,2019-04-25,2 killed in Dhaka road accident,2.0,0.0
506,2019-04-23,Five killed in road accidents across country,5.0,0.0
507,2019-04-21,2 killed in separate Kushtia road accidents,2.0,0.0
508,2019-04-20,Child killed in Brahmanbaria road accident,1.0,0.0
509,2019-04-19,Rasel gets prosthetic leg,0.0,1.0
510,2019-04-18,"Father, daughter among 3 killed in Dinajpur road accident",3.0,0.0
511,2019-04-18,29 German tourists die in bus crash,29.0,0.0
512,2019-04-18,5 killed in separate road accidents,5.0,0.0
513,2019-04-16,3 killed in different districts,3.0,0.0
514,2019-04-14,"Maitree Express hits pick-up in Sirajganj, 3 killed",3.0,0.0
515,2019-04-13,Businessman dies in Jhenaidah road accident,1.0,0.0
516,2019-04-13,"8 dead, 30 injured in Joypurhat road accident",8.0,30.0
517,2019-04-08,1 killed after bus rams rickshaw in Gulistan,1.0,0.0
518,2019-04-07,5 killed as bus overturns in Gaibandha,5.0,0.0
519,2019-04-02,Road accidents kill 5 in three districts,5.0,0.0
520,2019-03-31,"Bus hits CNG , primary schoolboy killed",1.0,0.0
521,2019-03-30,Singer Khurshid Alam injured in Bogra road crash,1.0,0.0
522,2019-03-30,7 killed as bus plunges into ditch in Madaripur,7.0,0.0
523,2019-03-28,"4 killed, 15 injured in separate Jessore road accidents",4.0,15.0
524,2019-03-28,"8 killed, 20 injured as bus, microbus collide in Chittagong",8.0,20.0
525,2019-03-28,College student killed in Lakshmipur road accident,1.0,0.0
526,2019-03-27,Suprovat bus conductor’s haste for escape took Abrar’s life,1.0,0.0
527,2019-03-27,What was it all for?,0.0,0.0
528,2019-03-27,Two schoolgirls killed in road accidents in Comilla,2.0,0.0
529,2019-03-26,2 schoolgirls killed in Comilla road accidents,2.0,0.0
530,2019-03-26,"Truck runs over van, kills driver",1.0,0.0
531,2019-03-25,Student’s death brings Sylhet to a standstill,1.0,0.0
532,2019-03-24,3 killed in road crash,3.0,0.0
533,2019-03-22,"Mother, daughter killed in Narayanganj road accident",2.0,0.0
534,2019-03-21,Road accidents kill 3 students in three districts,3.0,0.0
535,2019-03-21,Suprovat bus driver killed Abrar while fleeing accident spot,1.0,0.0
536,2019-03-21,Teacher’s car runs over 2 JnU students,2.0,0.0
537,2019-03-20,"Schoolgirl loses leg in Jessore road accident, highway blocked",0.0,1.0
538,2019-03-20,3 motorcyclists killed in Gopalganj road accident,3.0,0.0
539,2019-03-20,Case filed over death of BUP student,1.0,0.0
540,2019-03-20,Student’s death on Dhaka street rekindles road safety movement,5.0,0.0
541,2019-03-19,Mayor Atiqul: Foot overbridge to be named after killed BUP student,1.0,0.0
542,2019-03-19,Two killed in Manikganj road accident,2.0,0.0
543,2019-03-15,3 die in separate Dhaka road accidents,3.0,0.0
544,2019-03-06,3 killed in road accidents across country,3.0,0.0
545,2019-03-04,Road crashes kill 8 in four districts,8.0,0.0
546,2019-02-27,"10 killed, 26 injured in road crashes in 4 districts",10.0,26.0
547,2019-02-23,"5 killed, 6 injured in separate road crashes in Tangail",5.0,6.0
548,2019-02-23,5 killed in Kurigram-Rangpur highway accident,5.0,0.0
549,2019-02-18,Road crashes kill 9 in five districts,9.0,0.0
550,2019-02-17,"5 killed, 10 injured in Comilla road accident",5.0,10.0
551,2019-02-17,Five killed in separate accidents in Dhaka,5.0,0.0
552,2019-02-14,2 killed in Rajbari road accident,2.0,0.0
553,2019-02-14,3 die as microbus catches fire on Chittagong highway,3.0,0.0
554,2019-02-12,Road crashes kill 13 in four districts,13.0,0.0
555,2019-02-11,"3 killed, 1 injured in Munshiganj road accident",3.0,1.0
556,2019-02-11,Schoolgirl killed in Khulna road accident,1.0,0.0
557,2019-02-11,"Car-truck collision kills 5 BCL, Juba League men in Khulna",5.0,0.0
558,2019-02-11,Road crashes kill 11 in four districts,11.0,0.0
559,2019-02-10,Separate road accidents kill 2 in Tangail,2.0,0.0
560,2019-02-09,"1 dead, 2 injured in separate Jessore road accidents",1.0,2.0
561,2019-02-09,Road accidents kill 7 across the country,7.0,0.0
562,2019-02-07,Milestone school student killed in Uttara road accident,1.0,0.0
563,2019-02-05,"2 killed, 20 injured in Gopalganj bus accident",2.0,20.0
564,2019-02-05,3 killed in Dhaka road accidents,3.0,0.0
565,2019-02-05,15 killed in road crashes across Bangladesh,15.0,0.0
566,2019-02-03,"Truck driver, helper killed in Gazipur road accident",2.0,0.0
567,2019-02-03,Bus-microbus collision kills 4 in Chittagong,4.0,0.0
568,2019-02-03,Motorcyclist dead in Rangamati road accident,1.0,0.0
569,2019-02-03,Two motorcyclists killed in Thakurgaon road accident,2.0,0.0
570,2019-02-02,Students block Dhaka-Mawa highway demanding justice for siblings killed in road accident,2.0,0.0
571,2019-01-31,3 of a family killed in Mymensingh road accident,3.0,0.0
572,2019-01-31,Two killed in Thakurgaon road crash,2.0,0.0
573,2019-01-29,4 killed as truck falls into Turag river in Ashulia,4.0,0.0
574,2019-01-29,Siblings run over by truck in Keraniganj,2.0,0.0
575,2019-01-28,3 killed in Dhaka road accidents,3.0,0.0
576,2019-01-25,Road crashes kill six across the country,6.0,0.0
577,2019-01-24,9 killed in road crashes in 2 districts,9.0,0.0
578,2019-01-23,6 members of a family among 7 killed in Lakshmipur road accident,7.0,0.0
579,2019-01-23,Road crashes kill nine in 6 districts,9.0,0.0
580,2019-01-22,Woman killed in Bogra road accident,1.0,0.0
581,2019-01-22,One killed as train hits lorry in Tangail,1.0,0.0
582,2019-01-22,Eight killed in road crashes across country,8.0,0.0
583,2019-01-21,Road crashes kill 8 in three districts,2.0,0.0
584,2019-01-20,2 killed in Brahmanbaria road accident,2.0,0.0
585,2019-01-19,"2 killed, 20 injured in Noakhali bus accident",2.0,20.0
586,2019-01-17,Road accidents kill 9 in four districts,9.0,0.0
587,2019-01-15,Attempt on Ahona's life: Truck driver claims self defence,0.0,1.0
588,2019-01-13,Two killed in Keraniganj road accident,2.0,0.0
589,2019-01-13,"Truck driver, helper responsible for actor Ahona’s injury arrested",0.0,1.0
590,2019-01-12,AL leader killed in Lalmonirhat road accident,1.0,0.0
591,2019-01-12,Road accidents kill eight in three districts,8.0,0.0
592,2019-01-09,2 killed in Netrokona road accident,2.0,0.0
593,2019-01-06,Road crashes kill 6 in four districts,6.0,0.0
594,2019-01-05,"2 run over, killed by truck in Ashulia",2.0,0.0
595,2019-01-04,"Bus-truck collision kills 1, injures 10 in Tangail",1.0,10.0
596,2019-01-03,Rampage in Malibagh as reckless bus driving kills RMG worker,1.0,0.0
597,2019-01-01,"3 killed, 40 injured in Chittagong road accident",3.0,40.0
598,2018-12-27,2 killed in Dhaka road accident,2.0,0.0
599,2018-12-25,"1 killed, 21 injured in Tangail road accident",1.0,21.0
600,2018-12-23,"3 killed in Bagerhat, Gazipur road accidents",3.0,0.0
601,2018-12-22,11 killed in Gopalganj road crash,11.0,0.0
602,2018-12-20,3 killed as bus hits roadside tree in Bagerhat,3.0,0.0
603,2018-12-20,Road accidents kill 9 across Bangladesh,9.0,0.0
604,2018-12-17,Army personnel killed in Sirajganj road accident,1.0,0.0
605,2018-12-14,Road crashes kill 8 in four districts,8.0,0.0
606,2018-12-13,13 killed as bus falls down gorge in Indian Kashmir,13.0,0.0
607,2018-12-08,Female ophthalmologist killed in Dhaka road accident,1.0,0.0
608,2018-12-04,11 killed in road crashes in three districts,11.0,0.0
609,2018-12-03,3 labourers killed in Pabna road accident,3.0,0.0
610,2018-12-02,11 killed in road crashes across country,11.0,0.0
611,2018-11-29,10 killed in road crashes across country,10.0,0.0
612,2018-11-25,Three killed in two road accidents in Savar,3.0,0.0
613,2018-11-24,1 spot dead and 25 injured in Habiganj road accident,1.0,25.0
614,2018-11-24,10 RMG workers injured in Gazipur road accident,0.0,10.0
615,2018-11-24,7 killed in road crashes across country,7.0,0.0
616,2018-11-18,4 killed in road crashes across country,4.0,0.0
617,2018-11-14,"Road accident kills 3, injures 4 in Barisal",3.0,4.0
618,2018-11-11,6 killed in road accidents,6.0,0.0
619,2018-11-09,3 killed in Tangail road accident,3.0,0.0
620,2018-11-04,Woman killed in Panthapath road accident,1.0,0.0
621,2018-10-29,Panchagarh road accident death toll rises to 11,11.0,0.0
622,2018-10-27,"2 cops, child killed in road crash",2.0,0.0
623,2018-10-22,3 pedestrians killed in Jatrabari bus accidents,3.0,0.0
624,2018-10-22,"Father, son among 3 killed in Chandpur road accident",3.0,0.0
625,2018-10-22,Microbus kills two in Gopalganj,2.0,0.0
626,2018-10-20,Road accidents kill three in Dhaka,3.0,0.0
627,2018-10-15,2 killed in Rajbari road accident,2.0,0.0
628,2018-10-11,Road crashes kill 6 across country,6.0,0.0
629,2018-10-09,Woman dies after falling from motorcycle in Dhaka,1.0,0.0
630,2018-10-04,Ekattor TV employee killed in Dhaka road accident,1.0,0.0
631,2018-09-29,Man dies after being hit by bus at Farmgate,1.0,0.0
632,2018-09-27,Road crashes kill 7,7.0,0.0
633,2018-09-25,"Truck ploughs through autorickshaw stand in Chittagong, kills 5",5.0,0.0
634,2018-09-25,Road crashes kill 10 across Bangladesh,10.0,0.0
635,2018-09-22,"5 killed in road accidents in Khulna, Rajshahi",5.0,0.0
636,2018-09-21,Road accidents kill four across Bangladesh,4.0,0.0
637,2018-09-20,"Road accidents kill 3 in Comilla, Khulna",3.0,0.0
638,2018-09-20,"3 found dead in Ashulia, Savar",3.0,0.0
639,2018-09-18,"Car breaks railing, plunges into Hatirjheel Lake",0.0,0.0
640,2018-09-15,"Rangpur bus collision kills 2, injures 20",2.0,20.0
641,2018-09-13,Road crashes kill 5 in two districts,5.0,0.0
642,2018-09-12,9 killed in separate road accidents,9.0,0.0
643,2018-09-11,Road accident kills NSU student in Hatirjheel,1.0,0.0
644,2018-09-08,Two bikers killed in Gaibandha road accident,2.0,0.0
645,2018-09-05,"6 killed, 15 injured in road accidents",6.0,15.0
646,2018-09-03,Police SI killed in Dhaka road crash,1.0,0.0
647,2018-09-02,"Separate road accidents kill 3, injured 37 in Bogra",3.0,37.0
648,2018-09-02,4 killed in Netrokona road accident,4.0,0.0
649,2018-09-01,Boy killed after being hit by a bus in Kushtia,1.0,0.0
650,2018-09-01,5 killed in Gaibandha road accident,5.0,0.0
651,2018-08-31,"Death of infant Akifa: Case filed against bus driver, 2 others",1.0,0.0
652,2018-08-31,2 killed in Dinajpur road accident,2.0,0.0
653,2018-08-31,Road accident: 1-year-old loses battle for life,1.0,0.0
654,2018-08-28,Eleven people killed in road accidents across Bangladesh,11.0,0.0
655,2018-08-28,Father and son killed in Comilla road accident,2.0,0.0
656,2018-08-26,Natore road accident death toll rises to 15,15.0,0.0
657,2018-08-25,2 women killed in Comilla road crash,2.0,0.0
658,2018-08-23,"5 killed, 21 injured in Gopalganj road accidents",5.0,21.0
659,2018-08-21,26 injured in Habiganj road accident,26.0,0.0
660,2018-08-21,11 killed in Narsingdi as bus-human haulier collide head-on,11.0,0.0
661,2018-08-20,6 killed in Feni road accident,6.0,0.0
662,2018-08-19,Road accidents kill 6 across the country,6.0,0.0
663,2018-08-19,Road crash kills worker near PM’s office,1.0,0.0
664,2018-08-18,15 injured in road accident in Jhenidah,0.0,15.0
665,2018-08-16,"Four killed as speeding vehicles plough through shops in Rajshahi, Chuadanga",4.0,0.0
666,2018-08-15,4 children among 7 killed in Narsingdi road crash,7.0,0.0
667,2018-08-11,Road crashes kill 11 across the country,11.0,0.0
668,2018-08-06,2 including student killed by human hauler in Narsingdi,2.0,0.0
669,2018-08-03,Bus torched after it kills motorcyclist in Dhaka amidst movement for safe roads,1.0,0.0
670,2018-08-02,Child killed in bus accident in Satkhira,1.0,0.0
671,2018-07-31,Another schoolgirl killed by speeding bus in Comilla,1.0,0.0
672,2018-07-30,"2 students killed, 7 injured in Airport Road accident",2.0,7.0
673,2018-07-29,7 killed in Barguna road accident,7.0,0.0
674,2018-07-26,Five killed in road crashes in two districts,5.0,0.0
675,2018-07-22,Road accidents kill 17 across the country,17.0,0.0
676,2018-07-22,Man killed in motorcycle accident in Mohakhali,1.0,0.0
677,2018-07-20,3 killed in Jamalpur road accident,3.0,0.0
678,2018-07-20,Two dead in Naogaon road accident,2.0,0.0
679,2018-07-19,Four killed in Cox’s Bazar road crash,4.0,0.0
680,2018-07-16,Road accident kills 2 in Cox’s Bazar,2.0,0.0
681,2018-07-11,"Road accidents kill 11, injure 30 in six districts",11.0,0.0
682,2018-07-09,Eight killed in separate road crashes,8.0,0.0
683,2018-07-04,"Father, daughter killed in Naogaon road crash",2.0,0.0
684,2018-06-26,6 killed in Tangail road accidents,6.0,0.0
685,2018-06-25,Road crashes kill 7 in six districts,7.0,0.0
686,2018-06-24,Road accidents kill 37 across Bangladesh,37.0,0.0
687,2018-06-23,Road accident kills 18 in Gaibandha,18.0,0.0
688,2018-06-23,"Six accidents claim 11 lives, injure 50 across country",11.0,50.0
689,2018-06-20,Road accidents in three districts claim seven lives,7.0,0.0
690,2018-06-20,Seven killed in road crashes,7.0,0.0
691,2018-06-19,Police officer Helal Uddin of 10-truck arms case killed in accident,1.0,0.0
692,2018-06-19,Road crashes kill 16 in six districts,16.0,0.0
693,2018-06-18,"6 killed in Noakhali, Tangail road accidents",6.0,0.0
694,2018-06-17,3 killed in Noakhali road accident,3.0,0.0
695,2018-06-17,Road crashes kill 8 in four districts,8.0,0.0
696,2018-06-10,Road accidents: 9 dead in 6 districts,9.0,0.0
697,2018-06-09,Road crashes kill 9 in four districts,9.0,0.0
698,2018-06-08,Road accidents claim 10 lives in 5 districts,10.0,0.0
699,2018-06-06,4 killed in Tangail road accident,4.0,0.0
700,2018-06-06,Road crashes kill 10 in four districts,10.0,0.0
701,2018-06-03,3 killed in Sirajganj road crash,3.0,0.0
702,2018-06-03,Road crashes kill 13 across the country,13.0,0.0
703,2018-06-03,2 killed in Lalmonirhat road accident,2.0,0.0
704,2018-06-01,2 Bangladeshi blue helmets killed in Central African Republic crash,2.0,0.0
705,2018-05-26,Two motorcycle riders killed in Naogaon road accident,2.0,0.0
706,2018-05-23,"School headmistress, her teacher daughter and granddaughter killed in Gopalganj accident",3.0,0.0
707,2018-05-23,"Bus falls off highway in Rangpur, two killed",2.0,0.0
708,2018-05-23,Five killed in Bogura road accident,5.0,0.0
709,2018-05-17,Dhaka Tribune's Nazim Uddin killed in road accident,1.0,0.0
710,2018-05-17,4 killed in Habiganj road accident,4.0,0.0
711,2018-05-12,"Three killed, 7 injured in Mirpur road crash",3.0,0.0
712,2018-05-12,Six killed in Mymensingh road crash,6.0,0.0
713,2018-05-12,Senior journalist Kallol injured in road accident in Dhaka,0.0,1.0
714,2018-05-08,"3 killed, 12 injured as bus overturns in Gopalganj",3.0,12.0
715,2018-05-07,3 Chhatra League leaders killed in Brahmanbaria road accident,3.0,0.0
716,2018-05-06,Now RMG worker loses foot in Dhaka road accident,0.0,1.0
717,2018-05-05,3 killed in Mymensingh road accident,3.0,0.0
718,2018-05-01,3 motorcyclists killed in Dinajpur road crash,3.0,0.0
719,2018-04-29,Another limb lost in road mishap,0.0,1.0
720,2018-04-28,13 children dead after train hits school bus in India,13.0,0.0
721,2018-04-26,"After Rajib, child's arm severed by bus in Bogura",0.0,1.0
722,2018-04-22,"4 killed, 15 injured in Gaibandha road accident",4.0,15.0
723,2018-04-14,Two dead in Manikganj road accident,2.0,0.0
724,2018-04-11,"2 killed, 25 injured as bus turns over on Dhaka-Khulna highway",2.0,25.0
725,2018-04-08,Three killed in Khulna road crash,3.0,0.0
726,2018-04-07,"Road crashes kill 15, injure 24, in five districts",15.0,24.0
727,2018-04-06,Newlywed couple killed in Mymensingh road crash,2.0,0.0
728,2018-04-04,8 killed in Gopalganj road accident,8.0,0.0
729,2018-03-30,3 killed in Chittagong road accident,3.0,0.0
730,2018-03-27,Assistant commissioner among two injured as truck rams police vehicle,0.0,2.0
731,2018-03-26,"11 dead, 23 injured in road accidents 100m apart",11.0,23.0
732,2018-03-10,4 killed in Kushtia road crash,4.0,0.0
733,2018-03-06,4 dead in Cox’s Bazar road crash,4.0,0.0
734,2018-03-03,Four dead in Mymensingh bus accident,4.0,0.0
735,2018-02-23,DU student killed in road accident in Cox's Bazar,1.0,0.0
736,2018-02-10,4 killed in Sunamganj road accident,4.0,0.0
737,2018-02-06,Two NGO workers killed in road accidents,2.0,0.0
738,2018-02-02,3 killed in Gazipur road accident,3.0,0.0
739,2018-01-31,"Mother, son killed in Moulvibazar road crash",2.0,0.0
740,2018-01-18,Traffic accident in heavy fog kills three,3.0,0.0
741,2018-01-16,Truck driver lands in jail over death of 13 in Chuadanga road crash,13.0,0.0
742,2018-01-16,Singer Nokul Kumar’s two co-artistes killed in Faridpur road crash,2.0,0.0
743,2018-01-09,2 killed in Gopalganj road accident,2.0,0.0
744,2018-01-01,"Road accidents kill seven in Bogra, Habiganj",7.0,0.0
745,2017-12-31,5 killed in Sirajganj road accident,5.0,0.0
746,2017-12-31,"13 vehicles collide on Bangabandhu Bridge, 30 injured",0.0,30.0
747,2017-12-29,3 killed in Bogra road accident,3.0,0.0
748,2017-12-25,21 RMG workers injured in Narayanganj road accident,0.0,21.0
749,2017-12-20,MP Golam Mostafa laid to rest in Gaibandha,1.0,0.0
750,2017-12-19,Eight freedom fighters injured in auto-rickshaw accident,0.0,8.0
751,2017-12-16,4 killed as car plunges into Sunamganj ditch,4.0,0.0
752,2017-12-15,Couple killed in Savar road accident,2.0,0.0
753,2017-11-02,4 killed in Narsingdi road accident,4.0,0.0
754,2017-10-30,Seven killed in head-on collision of buses in Pabna,7.0,0.0
755,2017-10-29,Joint secretary’s car runs over child in Gazipur,1.0,0.0
756,2017-10-21,DU VC’s son hit by speeding car on campus,1.0,0.0
757,2017-10-14,Two die in traffic accident in Cox’s Bazar,2.0,0.0
758,2017-10-10,Private car crushed between two buses in Dhaka’s Gabtoli,0.0,0.0
759,2017-10-10,"Mother, son among 4 killed in Brahmanbaria road accident",4.0,0.0
760,2017-10-04,3 killed Faridpur road accident,3.0,0.0
761,2017-09-26,3 killed in Nilphamari road accident,3.0,0.0
762,2017-09-18,Schoolgirl killed in Dhaka road accident,1.0,0.0
763,2017-09-12,"3 killed, 12 injured in Cox’s Bazar road accident",3.0,12.0
764,2017-08-27,3 killed in Gopalganj road accident,3.0,0.0
765,2017-08-25,5 killed in Pabna road accident,5.0,0.0
766,2017-08-22,5 killed in Chittagong road accident,5.0,0.0
767,2017-08-16,3 killed as lorry crushes CNG in Chittagong,3.0,0.0
768,2017-08-08,"Four killed, 8 injured in Bogra road crash",4.0,8.0
769,2017-07-30,Nationwide road crashes kill seven including university teacher,7.0,0.0
770,2017-07-29,Child killed as bus rams motorcycle in Naogaon,1.0,0.0
771,2017-07-23,Bogra bus-truck collision leaves three dead,3.0,0.0
772,2017-07-11,School girl killed as truck crashes into house,1.0,0.0
773,2017-07-10,Air force soldier killed in Ctg road accident,1.0,0.0
774,2017-07-03,Two killed in Gazipur road accident,2.0,0.0
775,2017-07-02,Two dead in Chittagong road mishap,2.0,0.0
776,2017-06-30,"3 killed, 25 injured in Rangpur accident",3.0,25.0
777,2017-06-30,Road crashes kill 18 across country,18.0,0.0
778,2017-06-29,4 of a family among six killed in Gopalganj road accident,6.0,0.0
779,2017-06-29,Four die in Sirajganj road accident,4.0,0.0
780,2017-06-29,3 killed in Khagrachhari road accident,3.0,0.0
781,2017-06-28,"Ex-Bangladesh spinner Razzak, family injured in road accident",0.0,0.0
782,2017-06-28,"Driver gives wheel to helper, 17 dead after truck overturns in Rangpur",17.0,0.0
783,2017-06-24,Speeding bus runs over father-daughter in Dhaka,2.0,0.0
784,2017-06-21,"10 killed, several injured in Bogra, Gopalganj, Jhenaidah, Habiganj road accidents",10.0,0.0
785,2017-06-19,Two killed in Dhaka road accident,2.0,0.0
786,2017-06-16,Two pedestrians killed in Munshiganj road crash,2.0,0.0
787,2017-06-02,5 killed in Chittagong road crash,5.0,0.0
788,2017-05-29,Two JU students killed in Savar road accident,2.0,0.0
789,2017-05-26,"Six, including policeman, killed in Gopalganj road accident",6.0,0.0
790,2017-05-25,3 of a family killed in Kaliakoir road accident,3.0,0.0
791,2017-05-23,3 killed as microbus plunges into roadside ditch in Chittagong,3.0,0.0
792,2017-05-14,NAPE DG killed in Chittagong road crash,1.0,0.0
793,2017-05-13,Road accidents kill 7 in 3 districts,7.0,0.0
794,2017-05-09,"5 killed, 35 injured in Jessore bus accident",5.0,35.0
795,2017-05-07,Two killed in Dhaka road accident,2.0,0.0
796,2017-04-29,3 killed in Sirajganj road crash,3.0,0.0
797,2017-04-25,2 motorcyclists killed in Cox’s Bazar accident,2.0,0.0
798,2017-04-22,Rickshaw puller killed in Dhanmondi road accident,1.0,0.0
799,2017-04-21,Two killed in Mymensingh road accident,2.0,0.0
800,2017-04-21,Road crashes take 11 lives in 5 districts,11.0,0.0
801,2017-04-16,Four killed in Narsingdi road accident,4.0,0.0
802,2017-04-16,Road accidents kill five in Sirajganj,5.0,0.0
803,2017-04-10,Road crashes take 18 lives across country,18.0,0.0
804,2017-04-09,3 killed in Mymensingh road accident,3.0,0.0
805,2017-03-27,Cop run over by pickup van in Narayanganj,1.0,0.0
806,2017-03-27,Road accidents kill 18 in 4 districts,18.0,0.0
807,2017-03-26,12 killed in Chuadanga road crash,12.0,0.0
808,2017-03-26,Three Bangladeshis killed in Saudi Arabia road crash,3.0,0.0
809,2017-03-25,Four children among 13 killed in road crashes,13.0,0.0
810,2017-03-25,5 from one family among 10 killed in Mymensingh lorry crash,10.0,0.0
811,2017-03-24,"1 killed, 2 injured in Narayanganj road accident",1.0,2.0
812,2017-03-22,Truck runs over school teacher in Chittagong,1.0,0.0
813,2017-03-22,Two killed in a Tangail road accident,2.0,0.0
814,2017-03-19,Child among 5 killed in fatal road accident,5.0,0.0
815,2017-03-19,"Accidents kill 4 in Kushtia, Jamalpur",4.0,0.0
816,2017-03-11,Biker killed during police chase in Comilla,1.0,0.0
817,2017-03-10,"Truck kills boy, driver held",1.0,0.0
818,2017-03-08,Van carrying 24 prisoners overturns in Tejgaon,0.0,24.0
819,2017-03-03,"3 killed, 25 injured in Rangpur road accident",3.0,25.0
820,2017-02-27,Four killed as microbus overturns in Cox’s Bazar,3.0,0.0
821,2017-02-25,Experts: Police not equipped to probe accidents,0.0,1.0
822,2017-02-22,Hotelier killed in Dhaka road crash,1.0,0.0
823,2017-02-22,Three killed in Chittagong road accident,3.0,0.0
824,2017-02-19,Four killed in a Sirajganj road accident,4.0,0.0
825,2017-02-18,6yr old killed in Gopalganj road crash,1.0,0.0
826,2017-02-18,Bangladeshi technician jailed and banned for causing rider's death,1.0,0.0
827,2017-02-16,Case filed over Narsingdi road accident,0.0,0.0
828,2017-02-13,4 killed in Magura road accident,4.0,0.0
829,2017-02-11,"DGFI officer, ex-army man killed in Gazipur road mishap",1.0,0.0
830,2017-02-11,13 dead in bus cylinder blast in Faridpur,13.0,0.0
831,2017-02-11,Biker killed in Dhaka road accident,1.0,0.0
832,2017-02-09,4 killed in Narayanganj road accident,4.0,0.0
833,2017-02-08,Bangladesh Bank official killed in Dhaka road accident,1.0,0.0
834,2017-02-07,Police constable killed in Cox’s Bazar road crash,1.0,0.0
835,2017-02-04,Two AL leaders killed in Natore road mishap,2.0,0.0
836,2017-02-04,14 killed in road mishaps across country,14.0,0.0
837,2017-02-04,8 killed as truck runs into funeral programme,8.0,0.0
838,2017-02-03,3 burnt to death in microbus gas cylinder blast,3.0,0.0
839,2017-02-03,4 killed in Ashulia road mishap,4.0,0.0
840,2017-02-02,Road accidents kill 8 in 3 districts,8.0,0.0
841,2017-02-02,3 bike riders killed in Chittagong road accident,3.0,0.0
842,2017-02-02,30 injured in Savar road accident,30.0,0.0
843,2017-02-01,4 killed in Gazipur truck plunge,4.0,0.0
844,2017-01-02,Student killed in accident at Mirpur,1.0,0.0
845,2016-12-27,10 killed in road accidents in five districts,10.0,0.0
846,2016-12-25,5 killed in Comilla road accidents,5.0,0.0
847,2016-12-23,Road accidents kill 4 in 3 districts,4.0,0.0
848,2016-12-23,4 killed in Gazipur road accident,4.0,0.0
849,2016-12-18,12 killed in road accidents in five districts,12.0,0.0
850,2016-12-18,Bus-human hauler collision kills four,4.0,0.0
851,2016-12-16,3 killed in Mymensingh road accident,3.0,0.0
852,2016-12-09,Two homeless women killed and 5 injured in hit-and-run accident,2.0,5.0
853,2016-12-06,Four die in Brahmanbaria road accident,4.0,0.0
854,2016-11-30,"Mother, daughter killed in Mymensingh road accident",2.0,0.0
855,2016-11-29,"One killed, 25 injured in Kushtia road accident",1.0,25.0
856,2016-11-20,Three killed in 3 districts,3.0,0.0
857,2016-11-20,2 killed in Sirajganj road accident,2.0,0.0
858,2016-11-04,Two ran over by bus in Narayanganj,2.0,0.0
859,2016-11-04,"Mother, son among 4 killed in Khulna road accident",4.0,0.0
860,2016-11-04,"3 workers killed, 7 injured in Mymensingh road accident",3.0,7.0
861,2016-11-01,3 killed in Comilla road accident,3.0,0.0
862,2016-10-31,Dhaka College student loses hand under bus,0.0,1.0
863,2016-10-29,20 injured in Savar road accident,0.0,20.0
864,2016-10-27,"One killed, 10 injured in Gaibandha road accident",1.0,10.0
865,2016-10-26,Bus kills RMG worker in Narayanganj,1.0,0.0
866,2016-10-24,Traffic police killed in Rajshahi road accident,1.0,0.0
867,2016-10-22,Another DMCH ambulance victim dies,1.0,0.0
868,2016-10-21,Two killed in Munshiganj road accident,2.0,0.0
869,2016-10-17,2 killed in Faridpur road accident,2.0,0.0
870,2016-10-09,Six people killed in road accidents,6.0,0.0
871,2016-10-03,6 killed in Mymensingh road accident,6.0,0.0
872,2016-09-30,3 die in road rage in Chapainawabganj,3.0,0.0
873,2016-09-29,Three killed in road accident,3.0,0.0
874,2016-09-27,Speeding truck kills three men in Brahmanbaria,3.0,0.0
875,2016-09-26,5 killed in Chittagong road crash,5.0,0.0
876,2016-09-24,Couple killed in road accident,2.0,0.0
877,2016-09-22,Couple killed as bus rams into house in Rajshahi,2.0,0.0
878,2016-09-21,4 killed in Munshiganj road accident,4.0,0.0
879,2016-09-19,Six die as car plunges into ditch in Comilla,6.0,0.0
880,2016-09-18,12 killed in road accidents,12.0,0.0
881,2016-09-18,Seven killed in Tangail road accidents,7.0,0.0
882,2016-09-17,17 killed in road accidents in 3 districts,17.0,0.0
883,2016-09-16,"5 killed, 21 injured in Tangail road accident",5.0,21.0
884,2016-09-16,Child among 4 killed in Dinajpur bus accident,4.0,0.0
885,2016-09-14,Elderly couple killed in Dhaka road accident,2.0,0.0
886,2016-09-14,Four home goers killed in Rangpur accident,4.0,0.0
887,2016-09-12,Seven killed in road accidents,7.0,0.0
888,2016-09-12,Two dead after truck overturns in Tangail,2.0,0.0
889,2016-09-11,16 killed in road accident in five districts,16.0,0.0
890,2016-09-11,Road crashes kill 4 in Gazipur,4.0,0.0
891,2016-09-10,Road accidents take lives of six,6.0,0.0
892,2016-09-09,Seven die in separate road accidents,7.0,0.0
893,2016-09-07,Two killed in Sirajganj road accident,2.0,0.0
894,2016-09-06,"One dead, 35 injured in Tangail accident",1.0,35.0
895,2016-09-02,JU Chhatra Dal leader killed in road accident,1.0,0.0
896,2016-08-26,2 killed in Tangail road accident,2.0,0.0
897,2016-08-19,Tarikat Federation leader killed in road crash,1.0,0.0
898,2016-08-17,6 killed in Pabna road accident,6.0,0.0
899,2016-08-15,Road accident kills 1 in Natore,1.0,0.0
900,2016-08-12,Traffic constable dies after truck runs him over,1.0,0.0
901,2016-08-04,Traffic constable crushed under truck in Ctg,1.0,0.0
902,2016-08-04,Two motorcyclists killed in Manikganj road accident,2.0,0.0
903,2016-07-16,Four die in Manikganj road accident,4.0,0.0
904,2016-07-15,BNP leader hurt in Dinajpur road crash,0.0,1.0
905,2016-06-25,Foreigners among 25 injured in Ctg road accident,0.0,25.0
906,2016-06-24,3 killed in Gazipur road accident,3.0,0.0
